ISO-10303-21;
HEADER;
FILE_DESCRIPTION (( 'STEP AP203' ),
    '1' );
FILE_NAME ('D406.STEP',
    '2025-07-28T07:37:31',
    ( '' ),
    ( '' ),
    'SwSTEP 2.0',
    'SolidWorks 2018',
    '' );
FILE_SCHEMA (( 'CONFIG_CONTROL_DESIGN' ));
ENDSEC;

DATA;
#1 = CALENDAR_DATE ( 2025, 28, 7 ) ;
#2 = CARTESIAN_POINT ( 'NONE',  ( 12.99999999999999467, 23.00000000000000000, -13.00000000000000178 ) ) ;
#3 = EDGE_CURVE ( 'NONE', #1682, #1736, #569, .T. ) ;
#4 = LINE ( 'NONE', #269, #1169 ) ;
#5 = CARTESIAN_POINT ( 'NONE',  ( 12.99999999999999467, 24.00000000000000000, -13.00000000000000178 ) ) ;
#6 = FACE_OUTER_BOUND ( 'NONE', #843, .T. ) ;
#7 = ORIENTED_EDGE ( 'NONE', *, *, #1475, .F. ) ;
#8 = CIRCLE ( 'NONE', #964, 3.399515850643009873 ) ;
#9 = CARTESIAN_POINT ( 'NONE',  ( -13.00000000000000533, 5.000000000000000888, 13.00000000000000711 ) ) ;
#10 = EDGE_LOOP ( 'NONE', ( #266, #1666, #621, #912 ) ) ;
#11 = CARTESIAN_POINT ( 'NONE',  ( -21.00000000000000711, 24.00000000000000000, -21.00000000000000000 ) ) ;
#12 = ADVANCED_FACE ( 'NONE', ( #1723 ), #670, .T. ) ;
#13 = ORIENTED_EDGE ( 'NONE', *, *, #960, .F. ) ;
#14 = DIRECTION ( 'NONE',  ( 0.000000000000000000, -0.000000000000000000, -1.000000000000000000 ) ) ;
#15 = ORIENTED_EDGE ( 'NONE', *, *, #333, .F. ) ;
#16 = ORIENTED_EDGE ( 'NONE', *, *, #308, .F. ) ;
#17 = EDGE_CURVE ( 'NONE', #1395, #938, #200, .T. ) ;
#18 = CARTESIAN_POINT ( 'NONE',  ( -16.00000000000000711, 5.000000000000000888, -13.00000000000000178 ) ) ;
#19 = AXIS2_PLACEMENT_3D ( 'NONE', #1438, #467, #324 ) ;
#20 = ORIENTED_EDGE ( 'NONE', *, *, #1018, .T. ) ;
#21 = ORIENTED_EDGE ( 'NONE', *, *, #419, .T. ) ;
#22 = APPROVAL ( #1300, 'UNSPECIFIED' ) ;
#23 = CARTESIAN_POINT ( 'NONE',  ( -13.00000000000000888, 23.00000000000000000, -13.00000000000000178 ) ) ;
#24 = EDGE_LOOP ( 'NONE', ( #770, #1557, #1679, #313, #61, #866, #100, #59 ) ) ;
#25 = CARTESIAN_POINT ( 'NONE',  ( 7.546477655351338854, 24.00000000000000000, 0.000000000000000000 ) ) ;
#26 = PERSON_AND_ORGANIZATION_ROLE ( 'classification_officer' ) ;
#27 = DIRECTION ( 'NONE',  ( -0.000000000000000000, -1.000000000000000000, -0.000000000000000000 ) ) ;
#28 = VECTOR ( 'NONE', #716, 1000.000000000000000 ) ;
#29 = DIRECTION ( 'NONE',  ( 0.000000000000000000, 0.000000000000000000, -1.000000000000000000 ) ) ;
#30 = AXIS2_PLACEMENT_3D ( 'NONE', #5, #135, #1800 ) ;
#31 = DIRECTION ( 'NONE',  ( 0.000000000000000000, 0.000000000000000000, 1.000000000000000000 ) ) ;
#32 = CIRCLE ( 'NONE', #755, 5.000000000000000888 ) ;
#33 = LINE ( 'NONE', #1658, #1464 ) ;
#34 = LINE ( 'NONE', #1793, #1593 ) ;
#35 = AXIS2_PLACEMENT_3D ( 'NONE', #1568, #872, #581 ) ;
#36 = ORIENTED_EDGE ( 'NONE', *, *, #264, .T. ) ;
#37 = CARTESIAN_POINT ( 'NONE',  ( 12.99999999999999467, 24.50000000000000000, -19.00000000000000355 ) ) ;
#38 = ORIENTED_EDGE ( 'NONE', *, *, #1306, .T. ) ;
#39 = CARTESIAN_POINT ( 'NONE',  ( -13.00000000000000888, 5.000000000000000888, -21.00000000000000000 ) ) ;
#40 =( NAMED_UNIT ( * ) SI_UNIT ( $, .STERADIAN. ) SOLID_ANGLE_UNIT ( ) );
#41 = ORIENTED_EDGE ( 'NONE', *, *, #1194, .F. ) ;
#42 = DIRECTION ( 'NONE',  ( 0.000000000000000000, 0.000000000000000000, 1.000000000000000000 ) ) ;
#43 = DIRECTION ( 'NONE',  ( -0.000000000000000000, -1.000000000000000000, -0.000000000000000000 ) ) ;
#44 = EDGE_CURVE ( 'NONE', #1560, #1198, #591, .T. ) ;
#45 = DIRECTION ( 'NONE',  ( 0.000000000000000000, -0.000000000000000000, 1.000000000000000000 ) ) ;
#46 = EDGE_LOOP ( 'NONE', ( #1510, #928 ) ) ;
#47 = AXIS2_PLACEMENT_3D ( 'NONE', #457, #62, #312 ) ;
#48 = ORIENTED_EDGE ( 'NONE', *, *, #1128, .T. ) ;
#49 = CARTESIAN_POINT ( 'NONE',  ( -7.546477655351338854, 24.00000000000000000, 0.000000000000000000 ) ) ;
#50 = DIRECTION ( 'NONE',  ( 0.000000000000000000, 0.000000000000000000, 1.000000000000000000 ) ) ;
#51 = DATE_AND_TIME ( #1, #1591 ) ;
#52 = VECTOR ( 'NONE', #1577, 1000.000000000000000 ) ;
#53 = EDGE_CURVE ( 'NONE', #1693, #1759, #1269, .T. ) ;
#54 = CIRCLE ( 'NONE', #1131, 4.399515850643010317 ) ;
#55 = CARTESIAN_POINT ( 'NONE',  ( -7.546477655351338854, 23.50000000000000000, 0.000000000000000000 ) ) ;
#56 = ORIENTED_EDGE ( 'NONE', *, *, #17, .F. ) ;
#57 = FACE_OUTER_BOUND ( 'NONE', #1219, .T. ) ;
#58 = EDGE_CURVE ( 'NONE', #262, #751, #895, .T. ) ;
#59 = ORIENTED_EDGE ( 'NONE', *, *, #1441, .F. ) ;
#60 = CARTESIAN_POINT ( 'NONE',  ( 12.99999999999999822, 5.000000000000000888, 13.00000000000000178 ) ) ;
#61 = ORIENTED_EDGE ( 'NONE', *, *, #560, .F. ) ;
#62 = DIRECTION ( 'NONE',  ( -0.000000000000000000, 1.000000000000000000, -0.000000000000000000 ) ) ;
#63 = VERTEX_POINT ( 'NONE', #1342 ) ;
#64 = EDGE_CURVE ( 'NONE', #1709, #647, #446, .T. ) ;
#65 = EDGE_LOOP ( 'NONE', ( #1124, #1622, #36, #1451 ) ) ;
#66 = CARTESIAN_POINT ( 'NONE',  ( 13.00000000000000533, 24.50000000000000000, 19.00000000000000355 ) ) ;
#67 = EDGE_LOOP ( 'NONE', ( #1744, #636, #649, #430 ) ) ;
#68 = AXIS2_PLACEMENT_3D ( 'NONE', #1492, #791, #663 ) ;
#69 = DIRECTION ( 'NONE',  ( -1.334402673828312846E-16, 0.000000000000000000, -1.000000000000000000 ) ) ;
#70 = FACE_BOUND ( 'NONE', #1373, .T. ) ;
#71 = DIRECTION ( 'NONE',  ( 1.334402673828312846E-16, 0.000000000000000000, 1.000000000000000000 ) ) ;
#72 = VECTOR ( 'NONE', #1097, 1000.000000000000000 ) ;
#73 = LINE ( 'NONE', #706, #1501 ) ;
#74 = LINE ( 'NONE', #890, #1213 ) ;
#75 = EDGE_CURVE ( 'NONE', #1280, #1195, #1350, .T. ) ;
#76 = ORIENTED_EDGE ( 'NONE', *, *, #1751, .F. ) ;
#77 = VECTOR ( 'NONE', #773, 1000.000000000000000 ) ;
#78 = VERTEX_POINT ( 'NONE', #1772 ) ;
#79 = DIRECTION ( 'NONE',  ( 0.000000000000000000, 0.000000000000000000, -1.000000000000000000 ) ) ;
#80 = AXIS2_PLACEMENT_3D ( 'NONE', #1719, #892, #734 ) ;
#81 = CARTESIAN_POINT ( 'NONE',  ( 13.00000000000000355, 5.000000000000000888, 21.00000000000000000 ) ) ;
#82 = ADVANCED_FACE ( 'NONE', ( #1083 ), #1739, .T. ) ;
#83 = DIRECTION ( 'NONE',  ( 0.000000000000000000, 0.000000000000000000, 1.000000000000000000 ) ) ;
#84 = ORIENTED_EDGE ( 'NONE', *, *, #920, .F. ) ;
#85 = ORIENTED_EDGE ( 'NONE', *, *, #1441, .T. ) ;
#86 = AXIS2_PLACEMENT_3D ( 'NONE', #1047, #1188, #1588 ) ;
#87 = VECTOR ( 'NONE', #1488, 1000.000000000000000 ) ;
#88 = DIRECTION ( 'NONE',  ( -0.000000000000000000, 1.000000000000000000, -0.000000000000000000 ) ) ;
#89 = CIRCLE ( 'NONE', #1766, 4.399515850643010317 ) ;
#90 = LINE ( 'NONE', #607, #977 ) ;
#91 = DIRECTION ( 'NONE',  ( 8.260587980841938780E-17, 0.000000000000000000, 1.000000000000000000 ) ) ;
#92 = VERTEX_POINT ( 'NONE', #1069 ) ;
#93 = EDGE_CURVE ( 'NONE', #1614, #420, #524, .T. ) ;
#94 = ORIENTED_EDGE ( 'NONE', *, *, #1228, .F. ) ;
#95 = EDGE_LOOP ( 'NONE', ( #1312, #13, #1467, #1439 ) ) ;
#96 = AXIS2_PLACEMENT_3D ( 'NONE', #1202, #803, #1226 ) ;
#97 = CARTESIAN_POINT ( 'NONE',  ( 7.546477655351338854, 24.00000000000000000, 0.000000000000000000 ) ) ;
#98 = CARTESIAN_POINT ( 'NONE',  ( -19.00000000000001066, 24.50000000000000000, -13.00000000000000178 ) ) ;
#99 = DIRECTION ( 'NONE',  ( 0.000000000000000000, 0.000000000000000000, -1.000000000000000000 ) ) ;
#100 = ORIENTED_EDGE ( 'NONE', *, *, #837, .F. ) ;
#101 = DIRECTION ( 'NONE',  ( 1.334402673828312846E-16, 0.000000000000000000, 1.000000000000000000 ) ) ;
#102 = ORIENTED_EDGE ( 'NONE', *, *, #717, .T. ) ;
#103 = CARTESIAN_POINT ( 'NONE',  ( 7.546477655351338854, 26.50000000000000000, -1.741203455465307748 ) ) ;
#104 = CARTESIAN_POINT ( 'NONE',  ( -7.546477655351338854, 24.00000000000000000, -1.252767547687273497 ) ) ;
#105 = ORIENTED_EDGE ( 'NONE', *, *, #496, .F. ) ;
#106 = AXIS2_PLACEMENT_3D ( 'NONE', #460, #1264, #1283 ) ;
#107 = DIRECTION ( 'NONE',  ( 0.000000000000000000, -1.000000000000000000, 0.000000000000000000 ) ) ;
#108 = LINE ( 'NONE', #980, #157 ) ;
#109 = DIRECTION ( 'NONE',  ( 1.000000000000000000, 0.000000000000000000, 0.000000000000000000 ) ) ;
#110 = FACE_OUTER_BOUND ( 'NONE', #1385, .T. ) ;
#111 = CIRCLE ( 'NONE', #1541, 5.000000000000000888 ) ;
#112 = DIRECTION ( 'NONE',  ( 0.000000000000000000, 1.000000000000000000, 0.000000000000000000 ) ) ;
#113 = CYLINDRICAL_SURFACE ( 'NONE', #245, 6.000000000000001776 ) ;
#114 = CYLINDRICAL_SURFACE ( 'NONE', #1171, 5.000000000000000888 ) ;
#115 = ORIENTED_EDGE ( 'NONE', *, *, #322, .T. ) ;
#116 = CARTESIAN_POINT ( 'NONE',  ( -16.00000000000000711, 0.000000000000000000, -13.00000000000000178 ) ) ;
#117 = ADVANCED_FACE ( 'NONE', ( #297 ), #1420, .F. ) ;
#118 = ORIENTED_EDGE ( 'NONE', *, *, #436, .F. ) ;
#119 = AXIS2_PLACEMENT_3D ( 'NONE', #983, #1547, #1413 ) ;
#120 = CARTESIAN_POINT ( 'NONE',  ( 13.00000000000000000, 5.000000000000000888, 16.00000000000000000 ) ) ;
#121 = VERTEX_POINT ( 'NONE', #921 ) ;
#122 = AXIS2_PLACEMENT_3D ( 'NONE', #231, #534, #1782 ) ;
#123 = CARTESIAN_POINT ( 'NONE',  ( -13.00000000000000533, 0.000000000000000000, 13.00000000000000711 ) ) ;
#124 = PLANE ( 'NONE',  #1163 ) ;
#125 = DIRECTION ( 'NONE',  ( 0.000000000000000000, -0.000000000000000000, 1.000000000000000000 ) ) ;
#126 = ORIENTED_EDGE ( 'NONE', *, *, #1792, .T. ) ;
#127 = CARTESIAN_POINT ( 'NONE',  ( -21.00000000000000711, 24.00000000000000000, -13.00000000000000178 ) ) ;
#128 = ADVANCED_FACE ( 'NONE', ( #714 ), #857, .T. ) ;
#129 = ORIENTED_EDGE ( 'NONE', *, *, #1194, .T. ) ;
#130 = CARTESIAN_POINT ( 'NONE',  ( -13.00000000000000533, 23.00000000000000000, 19.00000000000000711 ) ) ;
#131 = CARTESIAN_POINT ( 'NONE',  ( -7.546477655351338854, 26.50000000000000000, 1.741203455465309524 ) ) ;
#132 = EDGE_CURVE ( 'NONE', #219, #788, #667, .T. ) ;
#133 = CARTESIAN_POINT ( 'NONE',  ( -21.00000000000000711, 24.00000000000000000, -13.00000000000000178 ) ) ;
#134 = DATE_AND_TIME ( #1389, #1443 ) ;
#135 = DIRECTION ( 'NONE',  ( 0.000000000000000000, -1.000000000000000000, 0.000000000000000000 ) ) ;
#136 = AXIS2_PLACEMENT_3D ( 'NONE', #902, #213, #491 ) ;
#137 = CYLINDRICAL_SURFACE ( 'NONE', #708, 6.000000000000000000 ) ;
#138 = CARTESIAN_POINT ( 'NONE',  ( 20.99999999999999289, 24.00000000000000000, -21.00000000000000000 ) ) ;
#139 = VECTOR ( 'NONE', #1383, 1000.000000000000000 ) ;
#140 = ADVANCED_FACE ( 'NONE', ( #345 ), #1620, .F. ) ;
#141 = DIRECTION ( 'NONE',  ( -0.000000000000000000, 1.000000000000000000, -0.000000000000000000 ) ) ;
#142 = CYLINDRICAL_SURFACE ( 'NONE', #933, 5.000000000000000888 ) ;
#143 = DIRECTION ( 'NONE',  ( 0.000000000000000000, 0.000000000000000000, 1.000000000000000000 ) ) ;
#144 = ORIENTED_EDGE ( 'NONE', *, *, #365, .F. ) ;
#145 = ORIENTED_EDGE ( 'NONE', *, *, #1706, .F. ) ;
#146 = DIRECTION ( 'NONE',  ( 0.000000000000000000, -0.000000000000000000, 1.000000000000000000 ) ) ;
#147 = EDGE_CURVE ( 'NONE', #1696, #838, #1038, .T. ) ;
#148 = EDGE_LOOP ( 'NONE', ( #1771, #1227, #502, #1659 ) ) ;
#149 = AXIS2_PLACEMENT_3D ( 'NONE', #1450, #1726, #484 ) ;
#150 = ADVANCED_FACE ( 'NONE', ( #162 ), #1752, .T. ) ;
#151 = ORIENTED_EDGE ( 'NONE', *, *, #478, .T. ) ;
#152 = ORIENTED_EDGE ( 'NONE', *, *, #58, .F. ) ;
#153 = EDGE_LOOP ( 'NONE', ( #1410, #1769, #425, #339 ) ) ;
#154 = DIRECTION ( 'NONE',  ( 0.000000000000000000, -0.000000000000000000, 1.000000000000000000 ) ) ;
#155 = CARTESIAN_POINT ( 'NONE',  ( -7.546477655351338854, 24.00000000000000000, 0.000000000000000000 ) ) ;
#156 = EDGE_CURVE ( 'NONE', #753, #885, #1367, .T. ) ;
#157 = VECTOR ( 'NONE', #141, 1000.000000000000000 ) ;
#158 = FACE_OUTER_BOUND ( 'NONE', #1266, .T. ) ;
#159 = AXIS2_PLACEMENT_3D ( 'NONE', #571, #1686, #1403 ) ;
#160 = CIRCLE ( 'NONE', #578, 4.399515850643010317 ) ;
#161 = CYLINDRICAL_SURFACE ( 'NONE', #1340, 6.000000000000000000 ) ;
#162 = FACE_OUTER_BOUND ( 'NONE', #1618, .T. ) ;
#163 = DIRECTION ( 'NONE',  ( 0.000000000000000000, 1.000000000000000000, 0.000000000000000000 ) ) ;
#164 = APPROVAL_STATUS ( 'not_yet_approved' ) ;
#165 = EDGE_LOOP ( 'NONE', ( #475, #407, #1159, #1454 ) ) ;
#166 = CARTESIAN_POINT ( 'NONE',  ( -7.546477655351338854, 24.00000000000000000, 0.000000000000000000 ) ) ;
#167 = ORIENTED_EDGE ( 'NONE', *, *, #1677, .F. ) ;
#168 = DIRECTION ( 'NONE',  ( -0.000000000000000000, -1.000000000000000000, -0.000000000000000000 ) ) ;
#169 = EDGE_CURVE ( 'NONE', #1160, #807, #1596, .T. ) ;
#170 = DIRECTION ( 'NONE',  ( -1.000000000000000000, 0.000000000000000000, 1.334402673828313093E-16 ) ) ;
#171 = AXIS2_PLACEMENT_3D ( 'NONE', #764, #1474, #91 ) ;
#172 = CARTESIAN_POINT ( 'NONE',  ( -13.00000000000000533, 23.00000000000000000, 19.00000000000000711 ) ) ;
#173 = ORIENTED_EDGE ( 'NONE', *, *, #64, .F. ) ;
#174 = CARTESIAN_POINT ( 'NONE',  ( 12.99999999999999467, 23.00000000000000000, -19.00000000000000355 ) ) ;
#175 = ORIENTED_EDGE ( 'NONE', *, *, #904, .F. ) ;
#176 = DIRECTION ( 'NONE',  ( 0.000000000000000000, 1.000000000000000000, 0.000000000000000000 ) ) ;
#177 = EDGE_CURVE ( 'NONE', #597, #1746, #999, .T. ) ;
#178 = CARTESIAN_POINT ( 'NONE',  ( 13.00000000000000533, 24.00000000000000000, 19.00000000000000355 ) ) ;
#179 = CIRCLE ( 'NONE', #1206, 1.000000000000000000 ) ;
#180 = DIRECTION ( 'NONE',  ( -0.000000000000000000, -1.000000000000000000, -0.000000000000000000 ) ) ;
#181 = AXIS2_PLACEMENT_3D ( 'NONE', #1518, #661, #668 ) ;
#182 = DIRECTION ( 'NONE',  ( 1.334402673828313093E-16, 0.000000000000000000, 1.000000000000000000 ) ) ;
#183 = LINE ( 'NONE', #746, #871 ) ;
#184 = ADVANCED_FACE ( 'NONE', ( #1506 ), #114, .T. ) ;
#185 = CARTESIAN_POINT ( 'NONE',  ( -13.00000000000000533, 24.00000000000000000, 13.00000000000000711 ) ) ;
#186 = VECTOR ( 'NONE', #590, 1000.000000000000000 ) ;
#187 = ORIENTED_EDGE ( 'NONE', *, *, #1028, .F. ) ;
#188 = ORIENTED_EDGE ( 'NONE', *, *, #863, .T. ) ;
#189 = DIRECTION ( 'NONE',  ( 0.000000000000000000, 0.000000000000000000, -1.000000000000000000 ) ) ;
#190 = ADVANCED_FACE ( 'NONE', ( #979 ), #240, .T. ) ;
#191 = EDGE_CURVE ( 'NONE', #1198, #1333, #1217, .T. ) ;
#192 = DIRECTION ( 'NONE',  ( -0.000000000000000000, 1.000000000000000000, -0.000000000000000000 ) ) ;
#193 = ORIENTED_EDGE ( 'NONE', *, *, #914, .F. ) ;
#194 = AXIS2_PLACEMENT_3D ( 'NONE', #511, #528, #255 ) ;
#195 = DIRECTION ( 'NONE',  ( -0.000000000000000000, 1.000000000000000000, -0.000000000000000000 ) ) ;
#196 = VERTEX_POINT ( 'NONE', #812 ) ;
#197 = CARTESIAN_POINT ( 'NONE',  ( 7.546477655351338854, 24.00000000000000000, 0.000000000000000000 ) ) ;
#198 = FACE_OUTER_BOUND ( 'NONE', #1165, .T. ) ;
#199 = DIRECTION ( 'NONE',  ( -0.000000000000000000, 1.000000000000000000, -0.000000000000000000 ) ) ;
#200 = LINE ( 'NONE', #611, #1631 ) ;
#201 = LINE ( 'NONE', #888, #1348 ) ;
#202 = AXIS2_PLACEMENT_3D ( 'NONE', #1332, #1612, #337 ) ;
#203 = ORIENTED_EDGE ( 'NONE', *, *, #357, .T. ) ;
#204 = FACE_OUTER_BOUND ( 'NONE', #244, .T. ) ;
#205 = ORIENTED_EDGE ( 'NONE', *, *, #634, .T. ) ;
#206 = CC_DESIGN_APPROVAL ( #22, ( #352 ) ) ;
#207 = VERTEX_POINT ( 'NONE', #819 ) ;
#208 = ADVANCED_BREP_SHAPE_REPRESENTATION ( 'D406', ( #982, #653, #1732 ), #229 ) ;
#209 = AXIS2_PLACEMENT_3D ( 'NONE', #1375, #1114, #384 ) ;
#210 = ORIENTED_EDGE ( 'NONE', *, *, #1337, .F. ) ;
#211 = ORIENTED_EDGE ( 'NONE', *, *, #461, .F. ) ;
#212 = AXIS2_PLACEMENT_3D ( 'NONE', #347, #1343, #508 ) ;
#213 = DIRECTION ( 'NONE',  ( 0.000000000000000000, -1.000000000000000000, 0.000000000000000000 ) ) ;
#214 = FACE_OUTER_BOUND ( 'NONE', #585, .T. ) ;
#215 = CARTESIAN_POINT ( 'NONE',  ( -16.00000000000000355, 0.000000000000000000, 13.00000000000000888 ) ) ;
#216 = LINE ( 'NONE', #66, #1478 ) ;
#217 = EDGE_CURVE ( 'NONE', #816, #1709, #627, .T. ) ;
#218 = LINE ( 'NONE', #501, #236 ) ;
#219 = VERTEX_POINT ( 'NONE', #681 ) ;
#220 = AXIS2_PLACEMENT_3D ( 'NONE', #1045, #1463, #1734 ) ;
#221 = ORIENTED_EDGE ( 'NONE', *, *, #1337, .T. ) ;
#222 = PLANE ( 'NONE',  #480 ) ;
#223 = DIRECTION ( 'NONE',  ( -0.000000000000000000, -1.000000000000000000, -0.000000000000000000 ) ) ;
#224 = DIRECTION ( 'NONE',  ( 0.000000000000000000, 1.000000000000000000, 0.000000000000000000 ) ) ;
#225 = ORIENTED_EDGE ( 'NONE', *, *, #333, .T. ) ;
#226 = ORIENTED_EDGE ( 'NONE', *, *, #974, .F. ) ;
#227 = CARTESIAN_POINT ( 'NONE',  ( -12.99999999999999467, 23.00000000000000000, -19.00000000000000355 ) ) ;
#228 = EDGE_CURVE ( 'NONE', #1126, #882, #760, .T. ) ;
#229 =( GEOMETRIC_REPRESENTATION_CONTEXT ( 3 ) GLOBAL_UNCERTAINTY_ASSIGNED_CONTEXT ( ( #390 ) ) GLOBAL_UNIT_ASSIGNED_CONTEXT ( ( #1007, #875, #40 ) ) REPRESENTATION_CONTEXT ( 'NONE', 'WORKASPACE' ) );
#230 = CARTESIAN_POINT ( 'NONE',  ( 15.99999999999999289, 5.000000000000000888, -21.00000000000000000 ) ) ;
#231 = CARTESIAN_POINT ( 'NONE',  ( -13.00000000000000888, 5.000000000000000000, -16.00000000000000000 ) ) ;
#232 = FACE_OUTER_BOUND ( 'NONE', #1298, .T. ) ;
#233 = LINE ( 'NONE', #268, #442 ) ;
#234 = DIRECTION ( 'NONE',  ( -0.000000000000000000, 1.000000000000000000, -0.000000000000000000 ) ) ;
#235 = ORIENTED_EDGE ( 'NONE', *, *, #241, .T. ) ;
#236 = VECTOR ( 'NONE', #915, 1000.000000000000000 ) ;
#237 = CARTESIAN_POINT ( 'NONE',  ( -19.00000000000001066, 24.50000000000000000, -13.00000000000000178 ) ) ;
#238 = CARTESIAN_POINT ( 'NONE',  ( 18.99999999999999645, 23.00000000000000000, 13.00000000000000178 ) ) ;
#239 = VERTEX_POINT ( 'NONE', #954 ) ;
#240 = CYLINDRICAL_SURFACE ( 'NONE', #181, 5.000000000000000888 ) ;
#241 = EDGE_CURVE ( 'NONE', #721, #1682, #257, .T. ) ;
#242 = DIRECTION ( 'NONE',  ( -0.000000000000000000, -1.000000000000000000, -0.000000000000000000 ) ) ;
#243 = ORIENTED_EDGE ( 'NONE', *, *, #1244, .T. ) ;
#244 = EDGE_LOOP ( 'NONE', ( #1457, #94, #1587, #1595 ) ) ;
#245 = AXIS2_PLACEMENT_3D ( 'NONE', #738, #750, #1600 ) ;
#246 = ORIENTED_EDGE ( 'NONE', *, *, #249, .T. ) ;
#247 = ADVANCED_FACE ( 'NONE', ( #1683 ), #1780, .T. ) ;
#248 = VERTEX_POINT ( 'NONE', #127 ) ;
#249 = EDGE_CURVE ( 'NONE', #1529, #968, #1315, .T. ) ;
#250 = DIRECTION ( 'NONE',  ( 1.000000000000000000, 0.000000000000000000, -1.334402673828313093E-16 ) ) ;
#251 = CARTESIAN_POINT ( 'NONE',  ( 7.546477655351338854, 24.00000000000000000, -4.399515850643010317 ) ) ;
#252 = AXIS2_PLACEMENT_3D ( 'NONE', #103, #1067, #516 ) ;
#253 = DIRECTION ( 'NONE',  ( 0.000000000000000000, -1.000000000000000000, 0.000000000000000000 ) ) ;
#254 = DIRECTION ( 'NONE',  ( 1.000000000000000000, 0.000000000000000000, -1.334402673828313339E-16 ) ) ;
#255 = DIRECTION ( 'NONE',  ( 0.000000000000000000, -0.000000000000000000, 1.000000000000000000 ) ) ;
#256 = LINE ( 'NONE', #930, #1366 ) ;
#257 = CIRCLE ( 'NONE', #1357, 1.000000000000000000 ) ;
#258 = CIRCLE ( 'NONE', #252, 3.000000000000000000 ) ;
#259 = LINE ( 'NONE', #531, #592 ) ;
#260 = CARTESIAN_POINT ( 'NONE',  ( 7.546477655351338854, 24.00000000000000000, 0.000000000000000000 ) ) ;
#261 = EDGE_CURVE ( 'NONE', #1787, #196, #1138, .T. ) ;
#262 = VERTEX_POINT ( 'NONE', #969 ) ;
#263 = CARTESIAN_POINT ( 'NONE',  ( 18.99999999999999645, 24.50000000000000000, 13.00000000000000178 ) ) ;
#264 = EDGE_CURVE ( 'NONE', #573, #751, #805, .T. ) ;
#265 = DIRECTION ( 'NONE',  ( -1.000000000000000000, 0.000000000000000000, 0.000000000000000000 ) ) ;
#266 = ORIENTED_EDGE ( 'NONE', *, *, #1665, .T. ) ;
#267 = AXIS2_PLACEMENT_3D ( 'NONE', #1452, #1583, #1174 ) ;
#268 = CARTESIAN_POINT ( 'NONE',  ( -13.00000000000000711, 24.50000000000000000, 19.00000000000000711 ) ) ;
#269 = CARTESIAN_POINT ( 'NONE',  ( 12.99999999999999467, 23.00000000000000000, -19.00000000000000355 ) ) ;
#270 = ORIENTED_EDGE ( 'NONE', *, *, #945, .T. ) ;
#271 = DIRECTION ( 'NONE',  ( 0.000000000000000000, 0.000000000000000000, 1.000000000000000000 ) ) ;
#272 = ORIENTED_EDGE ( 'NONE', *, *, #1589, .F. ) ;
#273 = DIRECTION ( 'NONE',  ( 1.334402673828313093E-16, 0.000000000000000000, 1.000000000000000000 ) ) ;
#274 = EDGE_CURVE ( 'NONE', #1399, #1280, #34, .T. ) ;
#275 = ADVANCED_FACE ( 'NONE', ( #614 ), #831, .F. ) ;
#276 = CARTESIAN_POINT ( 'NONE',  ( -13.00000000000000533, 5.000000000000000888, 16.00000000000000355 ) ) ;
#277 = DIRECTION ( 'NONE',  ( 0.000000000000000000, -0.000000000000000000, 1.000000000000000000 ) ) ;
#278 = DIRECTION ( 'NONE',  ( -1.000000000000000000, 0.000000000000000000, 0.000000000000000000 ) ) ;
#279 = TOROIDAL_SURFACE ( 'NONE', #1078, 1.741203455465309524, 3.000000000000000000 ) ;
#280 = CARTESIAN_POINT ( 'NONE',  ( 20.99999999999999289, 5.000000000000000888, -13.00000000000000178 ) ) ;
#281 = ORIENTED_EDGE ( 'NONE', *, *, #679, .F. ) ;
#282 = FACE_OUTER_BOUND ( 'NONE', #1796, .T. ) ;
#283 = VERTEX_POINT ( 'NONE', #1502 ) ;
#284 = EDGE_LOOP ( 'NONE', ( #1647, #615 ) ) ;
#285 = DIRECTION ( 'NONE',  ( 1.000000000000000000, 0.000000000000000000, -8.260587980841936314E-17 ) ) ;
#286 = CARTESIAN_POINT ( 'NONE',  ( -19.00000000000001066, 23.00000000000000000, -13.00000000000000178 ) ) ;
#287 = DIRECTION ( 'NONE',  ( 0.000000000000000000, -1.000000000000000000, 0.000000000000000000 ) ) ;
#288 = CARTESIAN_POINT ( 'NONE',  ( -21.00000000000000355, 24.00000000000000000, 13.00000000000000888 ) ) ;
#289 = CARTESIAN_POINT ( 'NONE',  ( 7.546477655351338854, 23.50000000000000000, 0.000000000000000000 ) ) ;
#290 = ORIENTED_EDGE ( 'NONE', *, *, #308, .T. ) ;
#291 = DIRECTION ( 'NONE',  ( 0.000000000000000000, 0.000000000000000000, -1.000000000000000000 ) ) ;
#292 = AXIS2_PLACEMENT_3D ( 'NONE', #1053, #223, #498 ) ;
#293 = DIRECTION ( 'NONE',  ( 0.000000000000000000, 0.000000000000000000, 1.000000000000000000 ) ) ;
#294 = SHAPE_DEFINITION_REPRESENTATION ( #935, #208 ) ;
#295 = CIRCLE ( 'NONE', #399, 8.000000000000000000 ) ;
#296 = AXIS2_PLACEMENT_3D ( 'NONE', #1211, #253, #373 ) ;
#297 = FACE_OUTER_BOUND ( 'NONE', #918, .T. ) ;
#298 = CIRCLE ( 'NONE', #624, 3.000000000000000000 ) ;
#299 = CARTESIAN_POINT ( 'NONE',  ( -19.00000000000001421, 24.00000000000000000, -13.00000000000000178 ) ) ;
#300 = ORIENTED_EDGE ( 'NONE', *, *, #767, .F. ) ;
#301 = CIRCLE ( 'NONE', #1185, 1.741203455465307748 ) ;
#302 = CARTESIAN_POINT ( 'NONE',  ( -19.00000000000001066, 23.00000000000000000, -13.00000000000000178 ) ) ;
#303 = PERSON_AND_ORGANIZATION_ROLE ( 'creator' ) ;
#304 = ORIENTED_EDGE ( 'NONE', *, *, #156, .F. ) ;
#305 = ORIENTED_EDGE ( 'NONE', *, *, #884, .T. ) ;
#306 = ADVANCED_FACE ( 'NONE', ( #763 ), #393, .F. ) ;
#307 = VERTEX_POINT ( 'NONE', #1645 ) ;
#308 = EDGE_CURVE ( 'NONE', #1027, #561, #718, .T. ) ;
#309 = DIRECTION ( 'NONE',  ( 0.000000000000000000, 1.000000000000000000, 0.000000000000000000 ) ) ;
#310 = PLANE ( 'NONE',  #483 ) ;
#311 = AXIS2_PLACEMENT_3D ( 'NONE', #503, #1356, #1363 ) ;
#312 = DIRECTION ( 'NONE',  ( 0.000000000000000000, 0.000000000000000000, -1.000000000000000000 ) ) ;
#313 = ORIENTED_EDGE ( 'NONE', *, *, #191, .F. ) ;
#314 = CARTESIAN_POINT ( 'NONE',  ( 7.546477655351338854, 26.50000000000000000, 0.000000000000000000 ) ) ;
#315 = VERTEX_POINT ( 'NONE', #1542 ) ;
#316 = DIRECTION ( 'NONE',  ( 0.000000000000000000, 0.000000000000000000, -1.000000000000000000 ) ) ;
#317 = COORDINATED_UNIVERSAL_TIME_OFFSET ( 8, 0, .AHEAD. ) ;
#318 = EDGE_CURVE ( 'NONE', #1064, #1126, #482, .T. ) ;
#319 = PLANE ( 'NONE',  #949 ) ;
#320 = CIRCLE ( 'NONE', #1022, 1.741203455465309524 ) ;
#321 = CARTESIAN_POINT ( 'NONE',  ( -13.00000000000000888, 0.000000000000000000, -16.00000000000000000 ) ) ;
#322 = EDGE_CURVE ( 'NONE', #1126, #952, #1637, .T. ) ;
#323 = LINE ( 'NONE', #1162, #1057 ) ;
#324 = DIRECTION ( 'NONE',  ( 0.000000000000000000, 0.000000000000000000, 1.000000000000000000 ) ) ;
#325 = EDGE_LOOP ( 'NONE', ( #1142, #173, #492, #697 ) ) ;
#326 = FACE_BOUND ( 'NONE', #24, .T. ) ;
#327 = VERTEX_POINT ( 'NONE', #452 ) ;
#328 = ORIENTED_EDGE ( 'NONE', *, *, #519, .T. ) ;
#329 = CARTESIAN_POINT ( 'NONE',  ( -13.00000000000000888, 5.000000000000000888, -13.00000000000000178 ) ) ;
#330 = ORIENTED_EDGE ( 'NONE', *, *, #1789, .T. ) ;
#331 = DIRECTION ( 'NONE',  ( 1.334402673828313586E-16, 0.000000000000000000, 1.000000000000000000 ) ) ;
#332 = ORIENTED_EDGE ( 'NONE', *, *, #695, .T. ) ;
#333 = EDGE_CURVE ( 'NONE', #1246, #602, #32, .T. ) ;
#334 = DIRECTION ( 'NONE',  ( -0.000000000000000000, -1.000000000000000000, -0.000000000000000000 ) ) ;
#335 = ORIENTED_EDGE ( 'NONE', *, *, #1144, .T. ) ;
#336 = AXIS2_PLACEMENT_3D ( 'NONE', #155, #997, #1143 ) ;
#337 = DIRECTION ( 'NONE',  ( 0.000000000000000000, 0.000000000000000000, -1.000000000000000000 ) ) ;
#338 = ORIENTED_EDGE ( 'NONE', *, *, #873, .F. ) ;
#339 = ORIENTED_EDGE ( 'NONE', *, *, #241, .F. ) ;
#340 = DIRECTION ( 'NONE',  ( 0.000000000000000000, -1.000000000000000000, 0.000000000000000000 ) ) ;
#341 = TOROIDAL_SURFACE ( 'NONE', #1611, 3.000000000000000000, 5.000000000000000000 ) ;
#342 = EDGE_CURVE ( 'NONE', #1095, #121, #387, .T. ) ;
#343 = FACE_BOUND ( 'NONE', #841, .T. ) ;
#344 = ADVANCED_FACE ( 'NONE', ( #204 ), #574, .T. ) ;
#345 = FACE_OUTER_BOUND ( 'NONE', #67, .T. ) ;
#346 = CIRCLE ( 'NONE', #722, 5.000000000000000888 ) ;
#347 = CARTESIAN_POINT ( 'NONE',  ( -13.00000000000000888, 24.50000000000000000, -13.00000000000000178 ) ) ;
#348 = AXIS2_PLACEMENT_3D ( 'NONE', #431, #696, #189 ) ;
#349 = ORIENTED_EDGE ( 'NONE', *, *, #960, .T. ) ;
#350 = CIRCLE ( 'NONE', #1220, 8.000000000000000000 ) ;
#351 = ORIENTED_EDGE ( 'NONE', *, *, #436, .T. ) ;
#352 = PRODUCT_DEFINITION_FORMATION_WITH_SPECIFIED_SOURCE ( 'ANY', '', #1544, .NOT_KNOWN. ) ;
#353 = ORIENTED_EDGE ( 'NONE', *, *, #1468, .T. ) ;
#354 = ADVANCED_FACE ( 'NONE', ( #1088 ), #865, .F. ) ;
#355 = EDGE_CURVE ( 'NONE', #580, #752, #111, .T. ) ;
#356 = CARTESIAN_POINT ( 'NONE',  ( 12.99999999999999467, 24.00000000000000000, -19.00000000000000355 ) ) ;
#357 = EDGE_CURVE ( 'NONE', #420, #1614, #852, .T. ) ;
#358 = ORIENTED_EDGE ( 'NONE', *, *, #782, .T. ) ;
#359 = VERTEX_POINT ( 'NONE', #990 ) ;
#360 = DIRECTION ( 'NONE',  ( -0.000000000000000000, 1.000000000000000000, -0.000000000000000000 ) ) ;
#361 = DIRECTION ( 'NONE',  ( -0.000000000000000000, -1.000000000000000000, -0.000000000000000000 ) ) ;
#362 = COORDINATED_UNIVERSAL_TIME_OFFSET ( 8, 0, .AHEAD. ) ;
#363 = LINE ( 'NONE', #646, #87 ) ;
#364 = CYLINDRICAL_SURFACE ( 'NONE', #336, 1.552767547687273098 ) ;
#365 = EDGE_CURVE ( 'NONE', #885, #753, #160, .T. ) ;
#366 = CARTESIAN_POINT ( 'NONE',  ( 20.99999999999999289, 5.000000000000000888, -16.00000000000000000 ) ) ;
#367 = FACE_OUTER_BOUND ( 'NONE', #1453, .T. ) ;
#368 = AXIS2_PLACEMENT_3D ( 'NONE', #1379, #1678, #1238 ) ;
#369 = ORIENTED_EDGE ( 'NONE', *, *, #93, .T. ) ;
#370 = DIRECTION ( 'NONE',  ( 0.000000000000000000, 1.000000000000000000, 0.000000000000000000 ) ) ;
#371 = ORIENTED_EDGE ( 'NONE', *, *, #704, .T. ) ;
#372 = CARTESIAN_POINT ( 'NONE',  ( 7.546477655351338854, 24.00000000000000000, -1.552767547687248006 ) ) ;
#373 = DIRECTION ( 'NONE',  ( 0.000000000000000000, 0.000000000000000000, -1.000000000000000000 ) ) ;
#374 = DIRECTION ( 'NONE',  ( -0.000000000000000000, -1.000000000000000000, -0.000000000000000000 ) ) ;
#375 = EDGE_LOOP ( 'NONE', ( #962, #917, #1231, #48, #769, #1150, #351, #328 ) ) ;
#376 = ORIENTED_EDGE ( 'NONE', *, *, #1765, .T. ) ;
#377 = AXIS2_PLACEMENT_3D ( 'NONE', #1059, #370, #652 ) ;
#378 = EDGE_LOOP ( 'NONE', ( #487, #105, #827, #1204 ) ) ;
#379 = DIRECTION ( 'NONE',  ( 0.000000000000000000, 0.000000000000000000, -1.000000000000000000 ) ) ;
#380 = PRODUCT_DEFINITION ( 'UNKNOWN', '', #352, #1617 ) ;
#381 = DIRECTION ( 'NONE',  ( -0.000000000000000000, -1.000000000000000000, -0.000000000000000000 ) ) ;
#382 = ADVANCED_FACE ( 'NONE', ( #1549, #1172 ), #846, .T. ) ;
#383 = CIRCLE ( 'NONE', #1223, 1.552767547687273098 ) ;
#384 = DIRECTION ( 'NONE',  ( -1.000000000000000000, 0.000000000000000000, 1.334402673828313093E-16 ) ) ;
#385 = LINE ( 'NONE', #565, #948 ) ;
#386 = DIRECTION ( 'NONE',  ( 0.000000000000000000, 0.000000000000000000, 1.000000000000000000 ) ) ;
#387 = LINE ( 'NONE', #438, #1212 ) ;
#388 = CIRCLE ( 'NONE', #813, 6.000000000000001776 ) ;
#389 = DIRECTION ( 'NONE',  ( 0.000000000000000000, 1.000000000000000000, 0.000000000000000000 ) ) ;
#390 = UNCERTAINTY_MEASURE_WITH_UNIT (LENGTH_MEASURE( 1.000000000000000082E-05 ), #1007, 'distance_accuracy_value', 'NONE');
#391 = DIRECTION ( 'NONE',  ( 0.000000000000000000, 0.000000000000000000, -1.000000000000000000 ) ) ;
#392 = ORIENTED_EDGE ( 'NONE', *, *, #810, .F. ) ;
#393 = TOROIDAL_SURFACE ( 'NONE', #1694, 1.741203455465307748, 3.000000000000000000 ) ;
#394 = EDGE_CURVE ( 'NONE', #1773, #838, #73, .T. ) ;
#395 = DIRECTION ( 'NONE',  ( 0.000000000000000000, 1.000000000000000000, 0.000000000000000000 ) ) ;
#396 = VERTEX_POINT ( 'NONE', #172 ) ;
#397 = ADVANCED_FACE ( 'NONE', ( #326, #444 ), #424, .F. ) ;
#398 = ORIENTED_EDGE ( 'NONE', *, *, #147, .F. ) ;
#399 = AXIS2_PLACEMENT_3D ( 'NONE', #9, #1262, #552 ) ;
#400 = CARTESIAN_POINT ( 'NONE',  ( -7.546477655351338854, 24.00000000000000000, -4.399515850643010317 ) ) ;
#401 = CARTESIAN_POINT ( 'NONE',  ( 7.546477655351338854, 23.50000000000000000, 0.3867421439028097541 ) ) ;
#402 = DIRECTION ( 'NONE',  ( -8.260587980841936314E-17, 0.000000000000000000, -1.000000000000000000 ) ) ;
#403 = EDGE_LOOP ( 'NONE', ( #1243, #332, #102, #41 ) ) ;
#404 = DIRECTION ( 'NONE',  ( 1.000000000000000000, 0.000000000000000000, -1.224646799147353207E-16 ) ) ;
#405 = EDGE_CURVE ( 'NONE', #307, #315, #1003, .T. ) ;
#406 = ADVANCED_FACE ( 'NONE', ( #800 ), #1632, .T. ) ;
#407 = ORIENTED_EDGE ( 'NONE', *, *, #1299, .T. ) ;
#408 = DIRECTION ( 'NONE',  ( 0.000000000000000000, 1.000000000000000000, 0.000000000000000000 ) ) ;
#409 = DIRECTION ( 'NONE',  ( 0.000000000000000000, 1.000000000000000000, 0.000000000000000000 ) ) ;
#410 = COORDINATED_UNIVERSAL_TIME_OFFSET ( 8, 0, .AHEAD. ) ;
#411 = DIRECTION ( 'NONE',  ( 0.000000000000000000, 0.000000000000000000, 1.000000000000000000 ) ) ;
#412 = CARTESIAN_POINT ( 'NONE',  ( 12.99999999999999467, 23.00000000000000000, -13.00000000000000178 ) ) ;
#413 = CIRCLE ( 'NONE', #609, 3.000000000000000000 ) ;
#414 = CARTESIAN_POINT ( 'NONE',  ( -13.00000000000000533, 24.50000000000000000, 13.00000000000000711 ) ) ;
#415 = CIRCLE ( 'NONE', #1258, 1.552767547687248006 ) ;
#416 = ADVANCED_FACE ( 'NONE', ( #742 ), #1301, .F. ) ;
#417 = CYLINDRICAL_SURFACE ( 'NONE', #202, 4.399515850643010317 ) ;
#418 = CARTESIAN_POINT ( 'NONE',  ( -19.00000000000000711, 24.50000000000000000, 13.00000000000000533 ) ) ;
#419 = EDGE_CURVE ( 'NONE', #78, #248, #350, .T. ) ;
#420 = VERTEX_POINT ( 'NONE', #749 ) ;
#421 = CARTESIAN_POINT ( 'NONE',  ( -19.00000000000001066, 24.50000000000000000, -13.00000000000000178 ) ) ;
#422 = ORIENTED_EDGE ( 'NONE', *, *, #357, .F. ) ;
#423 = EDGE_CURVE ( 'NONE', #359, #1560, #645, .T. ) ;
#424 = PLANE ( 'NONE',  #682 ) ;
#425 = ORIENTED_EDGE ( 'NONE', *, *, #654, .T. ) ;
#426 = CC_DESIGN_PERSON_AND_ORGANIZATION_ASSIGNMENT ( #821, #1545, ( #352 ) ) ;
#427 = ORIENTED_EDGE ( 'NONE', *, *, #823, .T. ) ;
#428 = DIRECTION ( 'NONE',  ( 0.000000000000000000, 0.000000000000000000, 1.000000000000000000 ) ) ;
#429 = ADVANCED_FACE ( 'NONE', ( #953 ), #1616, .T. ) ;
#430 = ORIENTED_EDGE ( 'NONE', *, *, #1753, .T. ) ;
#431 = CARTESIAN_POINT ( 'NONE',  ( -7.546477655351338854, 23.50000000000000000, 0.000000000000000000 ) ) ;
#432 = ORIENTED_EDGE ( 'NONE', *, *, #572, .F. ) ;
#433 = DIRECTION ( 'NONE',  ( -0.000000000000000000, -1.000000000000000000, -0.000000000000000000 ) ) ;
#434 = VERTEX_POINT ( 'NONE', #878 ) ;
#435 = DIRECTION ( 'NONE',  ( 0.000000000000000000, 1.000000000000000000, 0.000000000000000000 ) ) ;
#436 = EDGE_CURVE ( 'NONE', #1006, #477, #1393, .T. ) ;
#437 = DIRECTION ( 'NONE',  ( 0.000000000000000000, 0.000000000000000000, 1.000000000000000000 ) ) ;
#438 = CARTESIAN_POINT ( 'NONE',  ( -7.546477655351338854, 24.00000000000000000, -1.552767547687273098 ) ) ;
#439 = AXIS2_PLACEMENT_3D ( 'NONE', #886, #1026, #754 ) ;
#440 = CIRCLE ( 'NONE', #1718, 1.000000000000000000 ) ;
#441 = CARTESIAN_POINT ( 'NONE',  ( -13.00000000000000533, 24.00000000000000000, 13.00000000000000711 ) ) ;
#442 = VECTOR ( 'NONE', #433, 1000.000000000000000 ) ;
#443 = CARTESIAN_POINT ( 'NONE',  ( -7.546477655351338854, 24.00000000000000000, 0.000000000000000000 ) ) ;
#444 = FACE_OUTER_BOUND ( 'NONE', #1303, .T. ) ;
#445 = FACE_OUTER_BOUND ( 'NONE', #1118, .T. ) ;
#446 = LINE ( 'NONE', #1199, #929 ) ;
#447 = EDGE_LOOP ( 'NONE', ( #1733, #187 ) ) ;
#448 = EDGE_CURVE ( 'NONE', #121, #239, #1528, .T. ) ;
#449 = ORIENTED_EDGE ( 'NONE', *, *, #1745, .T. ) ;
#450 = DIRECTION ( 'NONE',  ( 0.000000000000000000, 0.000000000000000000, -1.000000000000000000 ) ) ;
#451 = AXIS2_PLACEMENT_3D ( 'NONE', #1008, #331, #729 ) ;
#452 = CARTESIAN_POINT ( 'NONE',  ( 13.00000000000000533, 23.00000000000000000, 19.00000000000000355 ) ) ;
#453 = CC_DESIGN_APPROVAL ( #724, ( #1034 ) ) ;
#454 = EDGE_LOOP ( 'NONE', ( #741, #1293, #449, #432 ) ) ;
#455 = CARTESIAN_POINT ( 'NONE',  ( 13.00000000000000355, 24.00000000000000000, 21.00000000000000000 ) ) ;
#456 = ORIENTED_EDGE ( 'NONE', *, *, #1789, .F. ) ;
#457 = CARTESIAN_POINT ( 'NONE',  ( 12.99999999999999822, 24.00000000000000000, 13.00000000000000178 ) ) ;
#458 = ORIENTED_EDGE ( 'NONE', *, *, #587, .F. ) ;
#459 = CARTESIAN_POINT ( 'NONE',  ( -16.00000000000000711, 0.000000000000000000, -13.00000000000000178 ) ) ;
#460 = CARTESIAN_POINT ( 'NONE',  ( -7.546477655351338854, 26.50000000000000000, -1.741203455465309524 ) ) ;
#461 = EDGE_CURVE ( 'NONE', #885, #1358, #201, .T. ) ;
#462 = APPLICATION_PROTOCOL_DEFINITION ( 'international standard', 'config_control_design', 1994, #582 ) ;
#463 = CARTESIAN_POINT ( 'NONE',  ( -7.546477655351338854, 23.50000000000000000, 0.000000000000000000 ) ) ;
#464 = PERSON_AND_ORGANIZATION ( #1414, #1190 ) ;
#465 = TOROIDAL_SURFACE ( 'NONE', #1621, 1.741203455465309524, 3.000000000000000000 ) ;
#466 = CIRCLE ( 'NONE', #19, 4.399515850643010317 ) ;
#467 = DIRECTION ( 'NONE',  ( 0.000000000000000000, 1.000000000000000000, 0.000000000000000000 ) ) ;
#468 = EDGE_LOOP ( 'NONE', ( #660, #188, #281, #1534 ) ) ;
#469 = DIRECTION ( 'NONE',  ( 0.000000000000000000, 1.000000000000000000, 0.000000000000000000 ) ) ;
#470 = ORIENTED_EDGE ( 'NONE', *, *, #471, .F. ) ;
#471 = EDGE_CURVE ( 'NONE', #1746, #788, #1158, .T. ) ;
#472 = CARTESIAN_POINT ( 'NONE',  ( 20.99999999999999289, 24.00000000000000000, -21.00000000000000000 ) ) ;
#473 = AXIS2_PLACEMENT_3D ( 'NONE', #1509, #1515, #919 ) ;
#474 = DIRECTION ( 'NONE',  ( -8.260587980841938780E-17, 0.000000000000000000, -1.000000000000000000 ) ) ;
#475 = ORIENTED_EDGE ( 'NONE', *, *, #1409, .F. ) ;
#476 = CARTESIAN_POINT ( 'NONE',  ( -21.00000000000000355, 24.00000000000000000, 13.00000000000000888 ) ) ;
#477 = VERTEX_POINT ( 'NONE', #1566 ) ;
#478 = EDGE_CURVE ( 'NONE', #1636, #1358, #466, .T. ) ;
#479 = LINE ( 'NONE', #811, #775 ) ;
#480 = AXIS2_PLACEMENT_3D ( 'NONE', #622, #1471, #1597 ) ;
#481 = FACE_BOUND ( 'NONE', #1485, .T. ) ;
#482 = CIRCLE ( 'NONE', #119, 8.000000000000000000 ) ;
#483 = AXIS2_PLACEMENT_3D ( 'NONE', #1436, #1429, #728 ) ;
#484 = DIRECTION ( 'NONE',  ( 0.000000000000000000, 0.000000000000000000, -1.000000000000000000 ) ) ;
#485 = VECTOR ( 'NONE', #242, 1000.000000000000000 ) ;
#486 = CARTESIAN_POINT ( 'NONE',  ( 7.546477655351338854, 24.00000000000000000, -4.399515850643010317 ) ) ;
#487 = ORIENTED_EDGE ( 'NONE', *, *, #355, .T. ) ;
#488 = DIRECTION ( 'NONE',  ( 0.000000000000000000, 0.000000000000000000, -1.000000000000000000 ) ) ;
#489 = AXIS2_PLACEMENT_3D ( 'NONE', #1209, #361, #99 ) ;
#490 = AXIS2_PLACEMENT_3D ( 'NONE', #49, #1289, #732 ) ;
#491 = DIRECTION ( 'NONE',  ( 0.000000000000000000, 0.000000000000000000, -1.000000000000000000 ) ) ;
#492 = ORIENTED_EDGE ( 'NONE', *, *, #217, .F. ) ;
#493 = EDGE_LOOP ( 'NONE', ( #876, #616, #985, #226 ) ) ;
#494 = DIRECTION ( 'NONE',  ( 1.000000000000000000, 0.000000000000000000, -1.652117596168387756E-16 ) ) ;
#495 = PERSON_AND_ORGANIZATION ( #1414, #1190 ) ;
#496 = EDGE_CURVE ( 'NONE', #1759, #752, #1267, .T. ) ;
#497 = CIRCLE ( 'NONE', #1520, 8.000000000000000000 ) ;
#498 = DIRECTION ( 'NONE',  ( 0.000000000000000000, 0.000000000000000000, -1.000000000000000000 ) ) ;
#499 = FACE_OUTER_BOUND ( 'NONE', #619, .T. ) ;
#500 = CIRCLE ( 'NONE', #377, 0.3867421439028351227 ) ;
#501 = CARTESIAN_POINT ( 'NONE',  ( 18.99999999999999645, 24.00000000000000000, 13.00000000000000178 ) ) ;
#502 = ORIENTED_EDGE ( 'NONE', *, *, #423, .F. ) ;
#503 = CARTESIAN_POINT ( 'NONE',  ( -7.546477655351338854, 24.00000000000000000, 0.000000000000000000 ) ) ;
#504 = EDGE_CURVE ( 'NONE', #882, #1604, #1680, .T. ) ;
#505 = DIRECTION ( 'NONE',  ( -1.000000000000000000, -0.000000000000000000, 1.652117596168387756E-16 ) ) ;
#506 = EDGE_CURVE ( 'NONE', #898, #1512, #90, .T. ) ;
#507 = ORIENTED_EDGE ( 'NONE', *, *, #704, .F. ) ;
#508 = DIRECTION ( 'NONE',  ( 0.000000000000000000, 0.000000000000000000, 1.000000000000000000 ) ) ;
#509 = EDGE_LOOP ( 'NONE', ( #1063, #550, #1586, #1790 ) ) ;
#510 = DIRECTION ( 'NONE',  ( 8.260587980841938780E-17, 0.000000000000000000, 1.000000000000000000 ) ) ;
#511 = CARTESIAN_POINT ( 'NONE',  ( -13.00000000000000888, 24.00000000000000000, -13.00000000000000178 ) ) ;
#512 = ORIENTED_EDGE ( 'NONE', *, *, #782, .F. ) ;
#513 = DIRECTION ( 'NONE',  ( 0.000000000000000000, 1.000000000000000000, 0.000000000000000000 ) ) ;
#514 = CARTESIAN_POINT ( 'NONE',  ( -7.546477655351338854, 24.00000000000000000, -4.399515850643010317 ) ) ;
#515 = LINE ( 'NONE', #1499, #1569 ) ;
#516 = DIRECTION ( 'NONE',  ( 0.000000000000000000, 0.000000000000000000, 1.000000000000000000 ) ) ;
#517 = DIRECTION ( 'NONE',  ( 0.000000000000000000, 1.000000000000000000, 0.000000000000000000 ) ) ;
#518 = FACE_OUTER_BOUND ( 'NONE', #680, .T. ) ;
#519 = EDGE_CURVE ( 'NONE', #477, #580, #894, .T. ) ;
#520 = VECTOR ( 'NONE', #1279, 1000.000000000000000 ) ;
#521 = FACE_BOUND ( 'NONE', #1043, .T. ) ;
#522 = ADVANCED_FACE ( 'NONE', ( #1724 ), #1023, .F. ) ;
#523 = EDGE_LOOP ( 'NONE', ( #1584, #305 ) ) ;
#524 = CIRCLE ( 'NONE', #785, 3.399515850643011206 ) ;
#525 = AXIS2_PLACEMENT_3D ( 'NONE', #820, #957, #1103 ) ;
#526 = CARTESIAN_POINT ( 'NONE',  ( 12.99999999999999467, 5.000000000000000888, -13.00000000000000178 ) ) ;
#527 = ORIENTED_EDGE ( 'NONE', *, *, #318, .T. ) ;
#528 = DIRECTION ( 'NONE',  ( 0.000000000000000000, 1.000000000000000000, 0.000000000000000000 ) ) ;
#529 = ORIENTED_EDGE ( 'NONE', *, *, #1661, .F. ) ;
#530 = DIRECTION ( 'NONE',  ( 0.000000000000000000, 1.000000000000000000, 0.000000000000000000 ) ) ;
#531 = CARTESIAN_POINT ( 'NONE',  ( -7.546477655351338854, 24.00000000000000000, 1.552767547687273098 ) ) ;
#532 = EDGE_CURVE ( 'NONE', #938, #78, #1313, .T. ) ;
#533 = ADVANCED_FACE ( 'NONE', ( #927 ), #417, .T. ) ;
#534 = DIRECTION ( 'NONE',  ( 1.000000000000000000, 0.000000000000000000, 0.000000000000000000 ) ) ;
#535 = ORIENTED_EDGE ( 'NONE', *, *, #177, .T. ) ;
#536 = CARTESIAN_POINT ( 'NONE',  ( 7.546477655351338854, 26.50000000000000000, 0.000000000000000000 ) ) ;
#537 = AXIS2_PLACEMENT_3D ( 'NONE', #664, #1642, #1768 ) ;
#538 = ORIENTED_EDGE ( 'NONE', *, *, #1144, .F. ) ;
#539 = DIRECTION ( 'NONE',  ( -0.000000000000000000, -1.000000000000000000, -0.000000000000000000 ) ) ;
#540 = DIRECTION ( 'NONE',  ( 1.000000000000000000, 0.000000000000000000, -1.224646799147353207E-16 ) ) ;
#541 = DIRECTION ( 'NONE',  ( -1.000000000000000000, 0.000000000000000000, 0.000000000000000000 ) ) ;
#542 = ADVANCED_FACE ( 'NONE', ( #521, #57 ), #222, .T. ) ;
#543 = FACE_OUTER_BOUND ( 'NONE', #1786, .T. ) ;
#544 = VECTOR ( 'NONE', #1419, 1000.000000000000000 ) ;
#545 = CARTESIAN_POINT ( 'NONE',  ( -13.00000000000000711, 24.50000000000000000, 19.00000000000000711 ) ) ;
#546 = CARTESIAN_POINT ( 'NONE',  ( 12.99999999999999467, 5.000000000000000000, -16.00000000000000000 ) ) ;
#547 = CYLINDRICAL_SURFACE ( 'NONE', #1285, 6.000000000000000000 ) ;
#548 = EDGE_CURVE ( 'NONE', #952, #816, #874, .T. ) ;
#549 = CARTESIAN_POINT ( 'NONE',  ( 12.99999999999999467, 24.00000000000000000, -13.00000000000000178 ) ) ;
#550 = ORIENTED_EDGE ( 'NONE', *, *, #594, .F. ) ;
#551 = EDGE_LOOP ( 'NONE', ( #1708, #1623, #956, #16 ) ) ;
#552 = DIRECTION ( 'NONE',  ( 0.000000000000000000, 0.000000000000000000, -1.000000000000000000 ) ) ;
#553 = ORIENTED_EDGE ( 'NONE', *, *, #1424, .F. ) ;
#554 = DIRECTION ( 'NONE',  ( 0.000000000000000000, 1.000000000000000000, 0.000000000000000000 ) ) ;
#555 = ADVANCED_FACE ( 'NONE', ( #1761 ), #1606, .F. ) ;
#556 = CARTESIAN_POINT ( 'NONE',  ( 7.546477655351338854, 26.50000000000000000, 1.741203455465307748 ) ) ;
#557 = DIRECTION ( 'NONE',  ( 1.000000000000000000, -3.469446951953613696E-16, 0.000000000000000000 ) ) ;
#558 = ORIENTED_EDGE ( 'NONE', *, *, #532, .T. ) ;
#559 = EDGE_LOOP ( 'NONE', ( #369, #1224, #1437, #338 ) ) ;
#560 = EDGE_CURVE ( 'NONE', #92, #1198, #218, .T. ) ;
#561 = VERTEX_POINT ( 'NONE', #1602 ) ;
#562 = CARTESIAN_POINT ( 'NONE',  ( 0.000000000000000000, 24.00000000000000000, 0.000000000000000000 ) ) ;
#563 = AXIS2_PLACEMENT_3D ( 'NONE', #965, #1521, #1388 ) ;
#564 = ADVANCED_FACE ( 'NONE', ( #911 ), #570, .T. ) ;
#565 = CARTESIAN_POINT ( 'NONE',  ( 12.99999999999999645, 24.00000000000000000, -19.00000000000000355 ) ) ;
#566 = DIRECTION ( 'NONE',  ( -1.000000000000000000, 0.000000000000000000, 1.334402673828313093E-16 ) ) ;
#567 = DIRECTION ( 'NONE',  ( 0.000000000000000000, 0.000000000000000000, 1.000000000000000000 ) ) ;
#568 = CYLINDRICAL_SURFACE ( 'NONE', #525, 4.399515850643010317 ) ;
#569 = CIRCLE ( 'NONE', #86, 1.252767547687273497 ) ;
#570 = CYLINDRICAL_SURFACE ( 'NONE', #220, 5.000000000000000888 ) ;
#571 = CARTESIAN_POINT ( 'NONE',  ( 12.99999999999999467, 24.50000000000000000, -13.00000000000000178 ) ) ;
#572 = EDGE_CURVE ( 'NONE', #1604, #747, #1742, .T. ) ;
#573 = VERTEX_POINT ( 'NONE', #632 ) ;
#574 = TOROIDAL_SURFACE ( 'NONE', #1628, 3.000000000000000000, 5.000000000000000000 ) ;
#575 = CARTESIAN_POINT ( 'NONE',  ( -7.546477655351338854, 24.00000000000000000, 0.000000000000000000 ) ) ;
#576 = DIRECTION ( 'NONE',  ( 0.000000000000000000, 0.000000000000000000, -1.000000000000000000 ) ) ;
#577 = ORIENTED_EDGE ( 'NONE', *, *, #1608, .T. ) ;
#578 = AXIS2_PLACEMENT_3D ( 'NONE', #166, #176, #42 ) ;
#579 = DIRECTION ( 'NONE',  ( 0.000000000000000000, 0.000000000000000000, 1.000000000000000000 ) ) ;
#580 = VERTEX_POINT ( 'NONE', #1033 ) ;
#581 = DIRECTION ( 'NONE',  ( 0.000000000000000000, 0.000000000000000000, -1.000000000000000000 ) ) ;
#582 = APPLICATION_CONTEXT ( 'configuration controlled 3d designs of mechanical parts and assemblies' ) ;
#583 = CARTESIAN_POINT ( 'NONE',  ( -13.00000000000000533, 24.00000000000000000, 21.00000000000000711 ) ) ;
#584 = VERTEX_POINT ( 'NONE', #771 ) ;
#585 = EDGE_LOOP ( 'NONE', ( #193, #507, #290, #1122 ) ) ;
#586 = DIRECTION ( 'NONE',  ( 0.000000000000000000, 0.000000000000000000, -1.000000000000000000 ) ) ;
#587 = EDGE_CURVE ( 'NONE', #327, #359, #629, .T. ) ;
#588 = LINE ( 'NONE', #130, #72 ) ;
#589 = CIRCLE ( 'NONE', #267, 0.3867421439028097541 ) ;
#590 = DIRECTION ( 'NONE',  ( 1.000000000000000000, -0.000000000000000000, -0.000000000000000000 ) ) ;
#591 = LINE ( 'NONE', #1024, #1655 ) ;
#592 = VECTOR ( 'NONE', #374, 1000.000000000000000 ) ;
#593 = EDGE_LOOP ( 'NONE', ( #992, #1472, #1334, #1741 ) ) ;
#594 = EDGE_CURVE ( 'NONE', #219, #597, #1113, .T. ) ;
#595 = ORIENTED_EDGE ( 'NONE', *, *, #191, .T. ) ;
#596 = DIRECTION ( 'NONE',  ( 1.000000000000000000, 0.000000000000000000, 0.000000000000000000 ) ) ;
#597 = VERTEX_POINT ( 'NONE', #1750 ) ;
#598 = DIRECTION ( 'NONE',  ( -0.000000000000000000, 1.000000000000000000, -0.000000000000000000 ) ) ;
#599 = DIRECTION ( 'NONE',  ( 0.000000000000000000, 0.000000000000000000, 1.000000000000000000 ) ) ;
#600 = ORIENTED_EDGE ( 'NONE', *, *, #548, .T. ) ;
#601 = CARTESIAN_POINT ( 'NONE',  ( 18.99999999999999645, 24.00000000000000000, -13.00000000000000533 ) ) ;
#602 = VERTEX_POINT ( 'NONE', #215 ) ;
#603 = DIRECTION ( 'NONE',  ( 0.000000000000000000, 1.000000000000000000, 0.000000000000000000 ) ) ;
#604 = ORIENTED_EDGE ( 'NONE', *, *, #274, .T. ) ;
#605 = AXIS2_PLACEMENT_3D ( 'NONE', #1354, #1483, #1615 ) ;
#606 = PERSON_AND_ORGANIZATION ( #1414, #1190 ) ;
#607 = CARTESIAN_POINT ( 'NONE',  ( -19.00000000000001066, 23.00000000000000000, -13.00000000000000178 ) ) ;
#608 = COORDINATED_UNIVERSAL_TIME_OFFSET ( 8, 0, .AHEAD. ) ;
#609 = AXIS2_PLACEMENT_3D ( 'NONE', #556, #829, #1398 ) ;
#610 = CIRCLE ( 'NONE', #68, 1.741203455465307748 ) ;
#611 = CARTESIAN_POINT ( 'NONE',  ( -12.99999999999999467, 5.000000000000000888, -21.00000000000000000 ) ) ;
#612 = LINE ( 'NONE', #1049, #1058 ) ;
#613 = DIRECTION ( 'NONE',  ( -3.469446951953614189E-15, 0.000000000000000000, -1.000000000000000000 ) ) ;
#614 = FACE_OUTER_BOUND ( 'NONE', #1407, .T. ) ;
#615 = ORIENTED_EDGE ( 'NONE', *, *, #1011, .T. ) ;
#616 = ORIENTED_EDGE ( 'NONE', *, *, #1228, .T. ) ;
#617 = EDGE_CURVE ( 'NONE', #327, #1519, #612, .T. ) ;
#618 = AXIS2_PLACEMENT_3D ( 'NONE', #901, #539, #79 ) ;
#619 = EDGE_LOOP ( 'NONE', ( #1094, #203, #1179, #1002 ) ) ;
#620 = CARTESIAN_POINT ( 'NONE',  ( 7.546477655351338854, 24.00000000000000000, -3.399515850643009873 ) ) ;
#621 = ORIENTED_EDGE ( 'NONE', *, *, #1244, .F. ) ;
#622 = CARTESIAN_POINT ( 'NONE',  ( -7.546477655351338854, 24.00000000000000000, 0.000000000000000000 ) ) ;
#623 = EDGE_CURVE ( 'NONE', #788, #1746, #1020, .T. ) ;
#624 = AXIS2_PLACEMENT_3D ( 'NONE', #131, #404, #685 ) ;
#625 = VECTOR ( 'NONE', #834, 1000.000000000000000 ) ;
#626 = ADVANCED_FACE ( 'NONE', ( #282 ), #1040, .T. ) ;
#627 = CIRCLE ( 'NONE', #1273, 5.000000000000000888 ) ;
#628 = CIRCLE ( 'NONE', #1462, 8.000000000000000000 ) ;
#629 = CIRCLE ( 'NONE', #877, 6.000000000000001776 ) ;
#630 = ORIENTED_EDGE ( 'NONE', *, *, #217, .T. ) ;
#631 = ORIENTED_EDGE ( 'NONE', *, *, #971, .T. ) ;
#632 = CARTESIAN_POINT ( 'NONE',  ( 7.546477655351338854, 24.50000000000000000, -0.3867421439028097541 ) ) ;
#633 = EDGE_CURVE ( 'NONE', #1605, #780, #301, .T. ) ;
#634 = EDGE_CURVE ( 'NONE', #721, #1667, #500, .T. ) ;
#635 = CARTESIAN_POINT ( 'NONE',  ( 12.99999999999999822, 23.00000000000000000, 13.00000000000000178 ) ) ;
#636 = ORIENTED_EDGE ( 'NONE', *, *, #75, .F. ) ;
#637 = VERTEX_POINT ( 'NONE', #116 ) ;
#638 = DIRECTION ( 'NONE',  ( -0.000000000000000000, 1.000000000000000000, -0.000000000000000000 ) ) ;
#639 = CARTESIAN_POINT ( 'NONE',  ( 20.99999999999999645, 24.00000000000000000, 13.00000000000000178 ) ) ;
#640 = LOCAL_TIME ( 15, 37, 31.00000000000000000, #362 ) ;
#641 = EDGE_CURVE ( 'NONE', #1339, #239, #259, .T. ) ;
#642 = FACE_OUTER_BOUND ( 'NONE', #559, .T. ) ;
#643 = AXIS2_PLACEMENT_3D ( 'NONE', #314, #1127, #1149 ) ;
#644 = VERTEX_POINT ( 'NONE', #1634 ) ;
#645 = LINE ( 'NONE', #1431, #694 ) ;
#646 = CARTESIAN_POINT ( 'NONE',  ( -21.00000000000000355, 5.000000000000000888, 13.00000000000000888 ) ) ;
#647 = VERTEX_POINT ( 'NONE', #931 ) ;
#648 = DIRECTION ( 'NONE',  ( 0.000000000000000000, 0.000000000000000000, 1.000000000000000000 ) ) ;
#649 = ORIENTED_EDGE ( 'NONE', *, *, #274, .F. ) ;
#650 = VERTEX_POINT ( 'NONE', #792 ) ;
#651 = CARTESIAN_POINT ( 'NONE',  ( -13.00000000000000533, 5.000000000000000888, 13.00000000000000711 ) ) ;
#652 = DIRECTION ( 'NONE',  ( 0.000000000000000000, 0.000000000000000000, 1.000000000000000000 ) ) ;
#653 = MANIFOLD_SOLID_BREP ( '¶ê¨¤4', #903 ) ;
#654 = EDGE_CURVE ( 'NONE', #1736, #1682, #1374, .T. ) ;
#655 = DIRECTION ( 'NONE',  ( -0.000000000000000000, 0.000000000000000000, -1.000000000000000000 ) ) ;
#656 = AXIS2_PLACEMENT_3D ( 'NONE', #659, #1214, #809 ) ;
#657 = ORIENTED_EDGE ( 'NONE', *, *, #1702, .F. ) ;
#658 = ORIENTED_EDGE ( 'NONE', *, *, #448, .F. ) ;
#659 = CARTESIAN_POINT ( 'NONE',  ( -13.00000000000000533, 24.50000000000000000, 13.00000000000000711 ) ) ;
#660 = ORIENTED_EDGE ( 'NONE', *, *, #1018, .F. ) ;
#661 = DIRECTION ( 'NONE',  ( -1.000000000000000000, 0.000000000000000000, 1.652117596168387756E-16 ) ) ;
#662 = ADVANCED_FACE ( 'NONE', ( #1704 ), #925, .T. ) ;
#663 = DIRECTION ( 'NONE',  ( 0.000000000000000000, 0.000000000000000000, 1.000000000000000000 ) ) ;
#664 = CARTESIAN_POINT ( 'NONE',  ( 7.546477655351338854, 24.50000000000000000, 0.000000000000000000 ) ) ;
#665 = VECTOR ( 'NONE', #278, 1000.000000000000000 ) ;
#666 = EDGE_CURVE ( 'NONE', #766, #207, #671, .T. ) ;
#667 = LINE ( 'NONE', #372, #485 ) ;
#668 = DIRECTION ( 'NONE',  ( 0.000000000000000000, 0.000000000000000000, 1.000000000000000000 ) ) ;
#669 = CIRCLE ( 'NONE', #1565, 1.552767547687273098 ) ;
#670 = TOROIDAL_SURFACE ( 'NONE', #149, 0.3867421439028097541, 1.000000000000000000 ) ;
#671 = LINE ( 'NONE', #237, #1193 ) ;
#672 = AXIS2_PLACEMENT_3D ( 'NONE', #472, #1010, #1154 ) ;
#673 = DIRECTION ( 'NONE',  ( 0.000000000000000000, -0.000000000000000000, 1.000000000000000000 ) ) ;
#674 = ORIENTED_EDGE ( 'NONE', *, *, #1329, .F. ) ;
#675 = CARTESIAN_POINT ( 'NONE',  ( -13.00000000000000711, 24.00000000000000000, 19.00000000000000711 ) ) ;
#676 = ADVANCED_FACE ( 'NONE', ( #1656 ), #142, .T. ) ;
#677 = ORIENTED_EDGE ( 'NONE', *, *, #1661, .T. ) ;
#678 = CARTESIAN_POINT ( 'NONE',  ( -7.546477655351338854, 24.00000000000000000, 1.552767547687273098 ) ) ;
#679 = EDGE_CURVE ( 'NONE', #1604, #1759, #1242, .T. ) ;
#680 = EDGE_LOOP ( 'NONE', ( #225, #1352, #1112, #896 ) ) ;
#681 = CARTESIAN_POINT ( 'NONE',  ( 7.546477655351338854, 24.00000000000000000, -1.552767547687248006 ) ) ;
#682 = AXIS2_PLACEMENT_3D ( 'NONE', #562, #1671, #14 ) ;
#683 = ADVANCED_FACE ( 'NONE', ( #367 ), #547, .T. ) ;
#684 = EDGE_LOOP ( 'NONE', ( #832, #1090 ) ) ;
#685 = DIRECTION ( 'NONE',  ( 0.000000000000000000, 0.000000000000000000, -1.000000000000000000 ) ) ;
#686 = LOCAL_TIME ( 15, 37, 31.00000000000000000, #410 ) ;
#687 = CYLINDRICAL_SURFACE ( 'NONE', #35, 8.000000000000000000 ) ;
#688 = CARTESIAN_POINT ( 'NONE',  ( 12.99999999999999467, 5.000000000000000888, -21.00000000000000000 ) ) ;
#689 = FACE_OUTER_BOUND ( 'NONE', #1730, .T. ) ;
#690 = CARTESIAN_POINT ( 'NONE',  ( 7.546477655351338854, 24.00000000000000000, 0.000000000000000000 ) ) ;
#691 = ADVANCED_FACE ( 'NONE', ( #779 ), #1572, .T. ) ;
#692 = CARTESIAN_POINT ( 'NONE',  ( 12.99999999999999822, 0.000000000000000000, 16.00000000000000355 ) ) ;
#693 = ORIENTED_EDGE ( 'NONE', *, *, #1516, .F. ) ;
#694 = VECTOR ( 'NONE', #69, 1000.000000000000000 ) ;
#695 = EDGE_CURVE ( 'NONE', #584, #1070, #8, .T. ) ;
#696 = DIRECTION ( 'NONE',  ( -0.000000000000000000, -1.000000000000000000, -0.000000000000000000 ) ) ;
#697 = ORIENTED_EDGE ( 'NONE', *, *, #548, .F. ) ;
#698 = ORIENTED_EDGE ( 'NONE', *, *, #1514, .F. ) ;
#699 = EDGE_LOOP ( 'NONE', ( #1278, #958, #558, #1763 ) ) ;
#700 = CARTESIAN_POINT ( 'NONE',  ( 7.546477655351338854, 23.50000000000000000, 1.741203455465307748 ) ) ;
#701 = DIRECTION ( 'NONE',  ( 0.000000000000000000, 0.000000000000000000, -1.000000000000000000 ) ) ;
#702 = ORIENTED_EDGE ( 'NONE', *, *, #58, .T. ) ;
#703 = DIRECTION ( 'NONE',  ( 0.000000000000000000, 0.000000000000000000, 1.000000000000000000 ) ) ;
#704 = EDGE_CURVE ( 'NONE', #1027, #1004, #1480, .T. ) ;
#705 = ORIENTED_EDGE ( 'NONE', *, *, #1725, .T. ) ;
#706 = CARTESIAN_POINT ( 'NONE',  ( -12.99999999999999467, 24.50000000000000000, -19.00000000000000355 ) ) ;
#707 = ORIENTED_EDGE ( 'NONE', *, *, #1051, .T. ) ;
#708 = AXIS2_PLACEMENT_3D ( 'NONE', #1762, #234, #1180 ) ;
#709 = CARTESIAN_POINT ( 'NONE',  ( -7.546477655351338854, 26.50000000000000000, 0.000000000000000000 ) ) ;
#710 = CARTESIAN_POINT ( 'NONE',  ( 12.99999999999999822, 5.000000000000000888, 13.00000000000000178 ) ) ;
#711 = VECTOR ( 'NONE', #944, 1000.000000000000000 ) ;
#712 = DIRECTION ( 'NONE',  ( -1.652117596168387756E-16, 0.000000000000000000, -1.000000000000000000 ) ) ;
#713 = TOROIDAL_SURFACE ( 'NONE', #1147, 3.000000000000000000, 5.000000000000000000 ) ;
#714 = FACE_OUTER_BOUND ( 'NONE', #153, .T. ) ;
#715 = LINE ( 'NONE', #11, #1135 ) ;
#716 = DIRECTION ( 'NONE',  ( 1.000000000000000000, 0.000000000000000000, -1.334402673828313339E-16 ) ) ;
#717 = EDGE_CURVE ( 'NONE', #1070, #1605, #258, .T. ) ;
#718 = LINE ( 'NONE', #251, #520 ) ;
#719 = DIRECTION ( 'NONE',  ( 0.000000000000000000, 1.000000000000000000, 0.000000000000000000 ) ) ;
#720 = DIRECTION ( 'NONE',  ( 0.000000000000000000, 1.000000000000000000, 0.000000000000000000 ) ) ;
#721 = VERTEX_POINT ( 'NONE', #1764 ) ;
#722 = AXIS2_PLACEMENT_3D ( 'NONE', #18, #828, #1251 ) ;
#723 = ORIENTED_EDGE ( 'NONE', *, *, #633, .F. ) ;
#724 = APPROVAL ( #164, 'UNSPECIFIED' ) ;
#725 = DIRECTION ( 'NONE',  ( 0.000000000000000000, 1.000000000000000000, 0.000000000000000000 ) ) ;
#726 = ORIENTED_EDGE ( 'NONE', *, *, #264, .F. ) ;
#727 = CARTESIAN_POINT ( 'NONE',  ( -13.00000000000000533, 24.00000000000000000, 13.00000000000000711 ) ) ;
#728 = DIRECTION ( 'NONE',  ( 0.000000000000000000, -0.000000000000000000, -1.000000000000000000 ) ) ;
#729 = DIRECTION ( 'NONE',  ( 1.000000000000000000, 0.000000000000000000, -1.334402673828313586E-16 ) ) ;
#730 = ORIENTED_EDGE ( 'NONE', *, *, #733, .F. ) ;
#731 = ADVANCED_FACE ( 'NONE', ( #1368 ), #161, .F. ) ;
#732 = DIRECTION ( 'NONE',  ( 0.000000000000000000, 0.000000000000000000, -1.000000000000000000 ) ) ;
#733 = EDGE_CURVE ( 'NONE', #1070, #584, #801, .T. ) ;
#734 = DIRECTION ( 'NONE',  ( 0.000000000000000000, 0.000000000000000000, 1.000000000000000000 ) ) ;
#735 = DATE_AND_TIME ( #868, #640 ) ;
#736 = PLANE ( 'NONE',  #1361 ) ;
#737 = LINE ( 'NONE', #459, #52 ) ;
#738 = CARTESIAN_POINT ( 'NONE',  ( 12.99999999999999467, 24.50000000000000000, -13.00000000000000178 ) ) ;
#739 = FACE_OUTER_BOUND ( 'NONE', #1042, .T. ) ;
#740 = DIRECTION ( 'NONE',  ( 0.000000000000000000, 0.000000000000000000, -1.000000000000000000 ) ) ;
#741 = ORIENTED_EDGE ( 'NONE', *, *, #679, .T. ) ;
#742 = FACE_OUTER_BOUND ( 'NONE', #1687, .T. ) ;
#743 = CARTESIAN_POINT ( 'NONE',  ( 18.99999999999999645, 24.00000000000000000, 13.00000000000000178 ) ) ;
#744 = EDGE_CURVE ( 'NONE', #807, #1787, #761, .T. ) ;
#745 = ORIENTED_EDGE ( 'NONE', *, *, #1477, .T. ) ;
#746 = CARTESIAN_POINT ( 'NONE',  ( 13.00000000000000000, 24.00000000000000000, 21.00000000000000000 ) ) ;
#747 = VERTEX_POINT ( 'NONE', #1537 ) ;
#748 = AXIS2_PLACEMENT_3D ( 'NONE', #1304, #530, #1035 ) ;
#749 = CARTESIAN_POINT ( 'NONE',  ( -7.546477655351338854, 24.00000000000000000, 3.399515850643011206 ) ) ;
#750 = DIRECTION ( 'NONE',  ( -0.000000000000000000, -1.000000000000000000, -0.000000000000000000 ) ) ;
#751 = VERTEX_POINT ( 'NONE', #1676 ) ;
#752 = VERTEX_POINT ( 'NONE', #280 ) ;
#753 = VERTEX_POINT ( 'NONE', #400 ) ;
#754 = DIRECTION ( 'NONE',  ( 0.000000000000000000, 0.000000000000000000, 1.000000000000000000 ) ) ;
#755 = AXIS2_PLACEMENT_3D ( 'NONE', #1690, #579, #1535 ) ;
#756 = DIRECTION ( 'NONE',  ( -1.334402673828313093E-16, 0.000000000000000000, -1.000000000000000000 ) ) ;
#757 = CYLINDRICAL_SURFACE ( 'NONE', #473, 4.399515850643010317 ) ;
#758 = APPROVAL ( #1712, 'UNSPECIFIED' ) ;
#759 = LINE ( 'NONE', #1297, #28 ) ;
#760 = LINE ( 'NONE', #947, #1553 ) ;
#761 = LINE ( 'NONE', #545, #139 ) ;
#762 = PLANE ( 'NONE',  #672 ) ;
#763 = FACE_OUTER_BOUND ( 'NONE', #403, .T. ) ;
#764 = CARTESIAN_POINT ( 'NONE',  ( 20.99999999999999289, 24.00000000000000000, -21.00000000000000000 ) ) ;
#765 = EDGE_LOOP ( 'NONE', ( #115, #600, #20, #1164 ) ) ;
#766 = VERTEX_POINT ( 'NONE', #421 ) ;
#767 = EDGE_CURVE ( 'NONE', #561, #1360, #54, .T. ) ;
#768 = ORIENTED_EDGE ( 'NONE', *, *, #1477, .F. ) ;
#769 = ORIENTED_EDGE ( 'NONE', *, *, #1516, .T. ) ;
#770 = ORIENTED_EDGE ( 'NONE', *, *, #1215, .F. ) ;
#771 = CARTESIAN_POINT ( 'NONE',  ( 7.546477655351338854, 24.00000000000000000, 3.399515850643009873 ) ) ;
#772 = EDGE_CURVE ( 'NONE', #420, #307, #298, .T. ) ;
#773 = DIRECTION ( 'NONE',  ( -0.000000000000000000, -1.000000000000000000, -0.000000000000000000 ) ) ;
#774 = AXIS2_PLACEMENT_3D ( 'NONE', #1318, #1178, #907 ) ;
#775 = VECTOR ( 'NONE', #1757, 1000.000000000000000 ) ;
#776 = CARTESIAN_POINT ( 'NONE',  ( 12.99999999999999467, 0.000000000000000000, -13.00000000000000178 ) ) ;
#777 = CIRCLE ( 'NONE', #1432, 3.000000000000000888 ) ;
#778 = VERTEX_POINT ( 'NONE', #675 ) ;
#779 = FACE_OUTER_BOUND ( 'NONE', #1401, .T. ) ;
#780 = VERTEX_POINT ( 'NONE', #700 ) ;
#781 = ORIENTED_EDGE ( 'NONE', *, *, #3, .T. ) ;
#782 = EDGE_CURVE ( 'NONE', #63, #1696, #1703, .T. ) ;
#783 = PLANE ( 'NONE',  #194 ) ;
#784 = ORIENTED_EDGE ( 'NONE', *, *, #1751, .T. ) ;
#785 = AXIS2_PLACEMENT_3D ( 'NONE', #1638, #112, #1192 ) ;
#786 = AXIS2_PLACEMENT_3D ( 'NONE', #286, #170, #182 ) ;
#787 = DIRECTION ( 'NONE',  ( 0.000000000000000000, 0.000000000000000000, 1.000000000000000000 ) ) ;
#788 = VERTEX_POINT ( 'NONE', #1662 ) ;
#789 = ORIENTED_EDGE ( 'NONE', *, *, #744, .F. ) ;
#790 = CARTESIAN_POINT ( 'NONE',  ( 7.546477655351338854, 24.00000000000000000, 1.552767547687248006 ) ) ;
#791 = DIRECTION ( 'NONE',  ( 0.000000000000000000, 1.000000000000000000, 0.000000000000000000 ) ) ;
#792 = CARTESIAN_POINT ( 'NONE',  ( -19.00000000000000711, 23.00000000000000000, 13.00000000000000888 ) ) ;
#793 = CARTESIAN_POINT ( 'NONE',  ( -7.546477655351338854, 24.00000000000000000, -3.399515850643011206 ) ) ;
#794 = EDGE_CURVE ( 'NONE', #644, #637, #346, .T. ) ;
#795 = VECTOR ( 'NONE', #1564, 1000.000000000000000 ) ;
#796 = DIRECTION ( 'NONE',  ( 0.000000000000000000, -0.000000000000000000, 1.000000000000000000 ) ) ;
#797 = VECTOR ( 'NONE', #1071, 1000.000000000000000 ) ;
#798 = AXIS2_PLACEMENT_3D ( 'NONE', #1123, #285, #402 ) ;
#799 = DIRECTION ( 'NONE',  ( 0.000000000000000000, 0.000000000000000000, -1.000000000000000000 ) ) ;
#800 = FACE_OUTER_BOUND ( 'NONE', #1517, .T. ) ;
#801 = CIRCLE ( 'NONE', #1031, 3.399515850643009873 ) ;
#802 = ADVANCED_FACE ( 'NONE', ( #445 ), #1396, .F. ) ;
#803 = DIRECTION ( 'NONE',  ( 0.000000000000000000, 1.000000000000000000, 0.000000000000000000 ) ) ;
#804 = ORIENTED_EDGE ( 'NONE', *, *, #132, .F. ) ;
#805 = CIRCLE ( 'NONE', #1232, 1.000000000000000000 ) ;
#806 = DIRECTION ( 'NONE',  ( 3.469446951953613696E-16, 1.000000000000000000, 0.000000000000000000 ) ) ;
#807 = VERTEX_POINT ( 'NONE', #844 ) ;
#808 = DIRECTION ( 'NONE',  ( -0.000000000000000000, 1.000000000000000000, -0.000000000000000000 ) ) ;
#809 = DIRECTION ( 'NONE',  ( 0.000000000000000000, 0.000000000000000000, -1.000000000000000000 ) ) ;
#810 = EDGE_CURVE ( 'NONE', #248, #1064, #715, .T. ) ;
#811 = CARTESIAN_POINT ( 'NONE',  ( -13.00000000000000711, 24.00000000000000000, 19.00000000000000711 ) ) ;
#812 = CARTESIAN_POINT ( 'NONE',  ( 18.99999999999999645, 24.50000000000000000, 13.00000000000000178 ) ) ;
#813 = AXIS2_PLACEMENT_3D ( 'NONE', #959, #1091, #1522 ) ;
#814 = ADVANCED_FACE ( 'NONE', ( #1191, #1781 ), #124, .T. ) ;
#815 = DIRECTION ( 'NONE',  ( 1.000000000000000000, 0.000000000000000000, -0.000000000000000000 ) ) ;
#816 = VERTEX_POINT ( 'NONE', #1668 ) ;
#817 = DIRECTION ( 'NONE',  ( 1.000000000000000000, 0.000000000000000000, -0.000000000000000000 ) ) ;
#818 = ORIENTED_EDGE ( 'NONE', *, *, #617, .F. ) ;
#819 = CARTESIAN_POINT ( 'NONE',  ( -19.00000000000001066, 24.00000000000000000, -13.00000000000000178 ) ) ;
#820 = CARTESIAN_POINT ( 'NONE',  ( 7.546477655351338854, 24.00000000000000000, 0.000000000000000000 ) ) ;
#821 = PERSON_AND_ORGANIZATION ( #1414, #1190 ) ;
#822 = FACE_OUTER_BOUND ( 'NONE', #523, .T. ) ;
#823 = EDGE_CURVE ( 'NONE', #1519, #92, #388, .T. ) ;
#824 = CIRCLE ( 'NONE', #1491, 8.000000000000000000 ) ;
#825 = VECTOR ( 'NONE', #360, 1000.000000000000000 ) ;
#826 = PLANE ( 'NONE',  #1044 ) ;
#827 = ORIENTED_EDGE ( 'NONE', *, *, #53, .F. ) ;
#828 = DIRECTION ( 'NONE',  ( 0.000000000000000000, 0.000000000000000000, 1.000000000000000000 ) ) ;
#829 = DIRECTION ( 'NONE',  ( 1.000000000000000000, 0.000000000000000000, -1.224646799147353207E-16 ) ) ;
#830 = ORIENTED_EDGE ( 'NONE', *, *, #1562, .T. ) ;
#831 = PLANE ( 'NONE',  #209 ) ;
#832 = ORIENTED_EDGE ( 'NONE', *, *, #3, .F. ) ;
#833 = ADVANCED_FACE ( 'NONE', ( #1000 ), #1594, .F. ) ;
#834 = DIRECTION ( 'NONE',  ( -0.000000000000000000, -1.000000000000000000, -0.000000000000000000 ) ) ;
#835 = ORIENTED_EDGE ( 'NONE', *, *, #1575, .F. ) ;
#836 = DIRECTION ( 'NONE',  ( 0.000000000000000000, 1.000000000000000000, 0.000000000000000000 ) ) ;
#837 = EDGE_CURVE ( 'NONE', #283, #1519, #33, .T. ) ;
#838 = VERTEX_POINT ( 'NONE', #860 ) ;
#839 = DIRECTION ( 'NONE',  ( 0.000000000000000000, 1.000000000000000000, 0.000000000000000000 ) ) ;
#840 = AXIS2_PLACEMENT_3D ( 'NONE', #1117, #970, #154 ) ;
#841 = EDGE_LOOP ( 'NONE', ( #300, #1639 ) ) ;
#842 = CARTESIAN_POINT ( 'NONE',  ( -12.99999999999999467, 23.00000000000000000, -19.00000000000000355 ) ) ;
#843 = EDGE_LOOP ( 'NONE', ( #1493, #1066, #702, #726 ) ) ;
#844 = CARTESIAN_POINT ( 'NONE',  ( -13.00000000000000711, 24.50000000000000000, 19.00000000000000711 ) ) ;
#845 = DIRECTION ( 'NONE',  ( 0.000000000000000000, -1.000000000000000000, 0.000000000000000000 ) ) ;
#846 = PLANE ( 'NONE',  #1530 ) ;
#847 = LINE ( 'NONE', #133, #1776 ) ;
#848 = CARTESIAN_POINT ( 'NONE',  ( 12.99999999999999467, 24.00000000000000000, -13.00000000000000178 ) ) ;
#849 = FACE_OUTER_BOUND ( 'NONE', #46, .T. ) ;
#850 = CARTESIAN_POINT ( 'NONE',  ( -13.00000000000000533, 5.000000000000000888, 21.00000000000000711 ) ) ;
#851 = SECURITY_CLASSIFICATION_LEVEL ( 'unclassified' ) ;
#852 = CIRCLE ( 'NONE', #1601, 3.399515850643011206 ) ;
#853 = FACE_OUTER_BOUND ( 'NONE', #699, .T. ) ;
#854 = AXIS2_PLACEMENT_3D ( 'NONE', #463, #603, #1445 ) ;
#855 = DIRECTION ( 'NONE',  ( -1.000000000000000000, 0.000000000000000000, 1.652117596168387756E-16 ) ) ;
#856 = ORIENTED_EDGE ( 'NONE', *, *, #1370, .F. ) ;
#857 = TOROIDAL_SURFACE ( 'NONE', #489, 0.3867421439028351227, 1.000000000000000000 ) ;
#858 = ORIENTED_EDGE ( 'NONE', *, *, #1765, .F. ) ;
#859 = ORIENTED_EDGE ( 'NONE', *, *, #623, .F. ) ;
#860 = CARTESIAN_POINT ( 'NONE',  ( -12.99999999999999467, 24.00000000000000000, -19.00000000000000355 ) ) ;
#861 = APPLICATION_CONTEXT ( 'configuration controlled 3d designs of mechanical parts and assemblies' ) ;
#862 = DIRECTION ( 'NONE',  ( 0.000000000000000000, 0.000000000000000000, 1.000000000000000000 ) ) ;
#863 = EDGE_CURVE ( 'NONE', #816, #1759, #1085, .T. ) ;
#864 = ORIENTED_EDGE ( 'NONE', *, *, #1182, .F. ) ;
#865 = PLANE ( 'NONE',  #1504 ) ;
#866 = ORIENTED_EDGE ( 'NONE', *, *, #823, .F. ) ;
#867 = DIRECTION ( 'NONE',  ( 0.000000000000000000, 1.000000000000000000, 0.000000000000000000 ) ) ;
#868 = CALENDAR_DATE ( 2025, 28, 7 ) ;
#869 = ADVANCED_FACE ( 'NONE', ( #1421 ), #1039, .T. ) ;
#870 = LINE ( 'NONE', #37, #1418 ) ;
#871 = VECTOR ( 'NONE', #1721, 1000.000000000000000 ) ;
#872 = DIRECTION ( 'NONE',  ( 0.000000000000000000, -1.000000000000000000, 0.000000000000000000 ) ) ;
#873 = EDGE_CURVE ( 'NONE', #1614, #315, #1330, .T. ) ;
#874 = LINE ( 'NONE', #81, #1423 ) ;
#875 =( NAMED_UNIT ( * ) PLANE_ANGLE_UNIT ( ) SI_UNIT ( $, .RADIAN. ) );
#876 = ORIENTED_EDGE ( 'NONE', *, *, #1745, .F. ) ;
#877 = AXIS2_PLACEMENT_3D ( 'NONE', #635, #1747, #83 ) ;
#878 = CARTESIAN_POINT ( 'NONE',  ( 13.00000000000000533, 24.00000000000000000, 19.00000000000000355 ) ) ;
#879 = VERTEX_POINT ( 'NONE', #1570 ) ;
#880 = CARTESIAN_POINT ( 'NONE',  ( -19.00000000000000711, 24.00000000000000000, 13.00000000000000533 ) ) ;
#881 = DIRECTION ( 'NONE',  ( 0.000000000000000000, 0.000000000000000000, -1.000000000000000000 ) ) ;
#882 = VERTEX_POINT ( 'NONE', #455 ) ;
#883 = ORIENTED_EDGE ( 'NONE', *, *, #1665, .F. ) ;
#884 = EDGE_CURVE ( 'NONE', #597, #219, #415, .T. ) ;
#885 = VERTEX_POINT ( 'NONE', #1688 ) ;
#886 = CARTESIAN_POINT ( 'NONE',  ( -7.546477655351338854, 23.00000000000000000, 0.000000000000000000 ) ) ;
#887 = ORIENTED_EDGE ( 'NONE', *, *, #733, .T. ) ;
#888 = CARTESIAN_POINT ( 'NONE',  ( -7.546477655351337965, 24.00000000000000000, 4.399515850643010317 ) ) ;
#889 = DIRECTION ( 'NONE',  ( -1.000000000000000000, 0.000000000000000000, 0.000000000000000000 ) ) ;
#890 = CARTESIAN_POINT ( 'NONE',  ( -19.00000000000001066, 23.00000000000000000, -13.00000000000000178 ) ) ;
#891 = FACE_OUTER_BOUND ( 'NONE', #468, .T. ) ;
#892 = DIRECTION ( 'NONE',  ( 0.000000000000000000, 1.000000000000000000, 0.000000000000000000 ) ) ;
#893 = ORIENTED_EDGE ( 'NONE', *, *, #666, .T. ) ;
#894 = CIRCLE ( 'NONE', #1001, 2.999999999999999112 ) ;
#895 = CIRCLE ( 'NONE', #605, 1.252767547687248184 ) ;
#896 = ORIENTED_EDGE ( 'NONE', *, *, #1299, .F. ) ;
#897 = CARTESIAN_POINT ( 'NONE',  ( 7.546477655351338854, 24.00000000000000000, 0.000000000000000000 ) ) ;
#898 = VERTEX_POINT ( 'NONE', #302 ) ;
#899 = AXIS2_PLACEMENT_3D ( 'NONE', #289, #1272, #586 ) ;
#900 = DIRECTION ( 'NONE',  ( -8.260587980841938780E-17, -0.000000000000000000, -1.000000000000000000 ) ) ;
#901 = CARTESIAN_POINT ( 'NONE',  ( 7.546477655351338854, 24.00000000000000000, 0.000000000000000000 ) ) ;
#902 = CARTESIAN_POINT ( 'NONE',  ( -13.00000000000000888, 5.000000000000000888, -13.00000000000000178 ) ) ;
#903 = CLOSED_SHELL ( 'NONE', ( #1433, #1470, #934, #1245, #128, #1513, #533, #869, #382, #1254, #1294, #354, #555, #1099, #397, #1801, #429, #1381, #247, #1523, #626, #184, #564, #344, #1225, #676, #190, #1531, #117, #140, #731, #1640, #833, #416, #1183, #1778, #1498, #1672, #542, #1371, #814, #943, #955, #1359, #406, #1538, #910, #662, #12, #1073, #306 ) ) ;
#904 = EDGE_CURVE ( 'NONE', #1536, #778, #1241, .T. ) ;
#905 = ORIENTED_EDGE ( 'NONE', *, *, #365, .T. ) ;
#906 = AXIS2_PLACEMENT_3D ( 'NONE', #443, #180, #450 ) ;
#907 = DIRECTION ( 'NONE',  ( 0.000000000000000000, 0.000000000000000000, 1.000000000000000000 ) ) ;
#908 = APPROVAL_DATE_TIME ( #51, #758 ) ;
#909 = CIRCLE ( 'NONE', #1275, 0.3867421439028097541 ) ;
#910 = ADVANCED_FACE ( 'NONE', ( #951 ), #1654, .T. ) ;
#911 = FACE_OUTER_BOUND ( 'NONE', #1115, .T. ) ;
#912 = ORIENTED_EDGE ( 'NONE', *, *, #394, .T. ) ;
#913 = DIRECTION ( 'NONE',  ( -0.000000000000000000, 0.000000000000000000, 1.000000000000000000 ) ) ;
#914 = EDGE_CURVE ( 'NONE', #1004, #1360, #1111, .T. ) ;
#915 = DIRECTION ( 'NONE',  ( -1.334402673828312846E-16, 0.000000000000000000, -1.000000000000000000 ) ) ;
#916 = CARTESIAN_POINT ( 'NONE',  ( -13.00000000000000888, 24.50000000000000000, -13.00000000000000178 ) ) ;
#917 = ORIENTED_EDGE ( 'NONE', *, *, #1651, .T. ) ;
#918 = EDGE_LOOP ( 'NONE', ( #1248, #1050, #1205, #1505 ) ) ;
#919 = DIRECTION ( 'NONE',  ( 0.000000000000000000, 0.000000000000000000, -1.000000000000000000 ) ) ;
#920 = EDGE_CURVE ( 'NONE', #239, #121, #669, .T. ) ;
#921 = CARTESIAN_POINT ( 'NONE',  ( -7.546477655351338854, 23.50000000000000000, -1.552767547687273098 ) ) ;
#922 = DATE_AND_TIME ( #1720, #686 ) ;
#923 = AXIS2_PLACEMENT_3D ( 'NONE', #25, #1404, #1435 ) ;
#924 = CIRCLE ( 'NONE', #368, 6.000000000000001776 ) ;
#925 = PLANE ( 'NONE',  #537 ) ;
#926 = CIRCLE ( 'NONE', #1177, 6.000000000000000000 ) ;
#927 = FACE_OUTER_BOUND ( 'NONE', #551, .T. ) ;
#928 = ORIENTED_EDGE ( 'NONE', *, *, #405, .T. ) ;
#929 = VECTOR ( 'NONE', #505, 1000.000000000000000 ) ;
#930 = CARTESIAN_POINT ( 'NONE',  ( -19.00000000000001066, 24.00000000000000000, -13.00000000000000178 ) ) ;
#931 = CARTESIAN_POINT ( 'NONE',  ( -13.00000000000000533, 0.000000000000000000, 16.00000000000000711 ) ) ;
#932 = ORIENTED_EDGE ( 'NONE', *, *, #261, .T. ) ;
#933 = AXIS2_PLACEMENT_3D ( 'NONE', #230, #510, #109 ) ;
#934 = ADVANCED_FACE ( 'NONE', ( #6 ), #1446, .T. ) ;
#935 = PRODUCT_DEFINITION_SHAPE ( 'NONE', 'NONE',  #380 ) ;
#936 = PLANE ( 'NONE',  #1710 ) ;
#937 = DIRECTION ( 'NONE',  ( 0.000000000000000000, -1.000000000000000000, 0.000000000000000000 ) ) ;
#938 = VERTEX_POINT ( 'NONE', #39 ) ;
#939 = ORIENTED_EDGE ( 'NONE', *, *, #1092, .T. ) ;
#940 = CARTESIAN_POINT ( 'NONE',  ( 12.99999999999999822, 24.50000000000000000, 13.00000000000000178 ) ) ;
#941 = CLOSED_SHELL ( 'NONE', ( #82, #522, #691, #275, #683, #802, #1086, #1233, #150, #1663 ) ) ;
#942 = CARTESIAN_POINT ( 'NONE',  ( 7.546477655351338854, 23.00000000000000000, 0.000000000000000000 ) ) ;
#943 = ADVANCED_FACE ( 'NONE', ( #1525, #1740 ), #986, .T. ) ;
#944 = DIRECTION ( 'NONE',  ( 1.334402673828312846E-16, 0.000000000000000000, 1.000000000000000000 ) ) ;
#945 = EDGE_CURVE ( 'NONE', #1339, #1095, #1550, .T. ) ;
#946 = APPROVAL_PERSON_ORGANIZATION ( #1055, #724, #1555 ) ;
#947 = CARTESIAN_POINT ( 'NONE',  ( 20.99999999999999645, 24.00000000000000000, 21.00000000000000000 ) ) ;
#948 = VECTOR ( 'NONE', #1382, 1000.000000000000000 ) ;
#949 = AXIS2_PLACEMENT_3D ( 'NONE', #197, #469, #125 ) ;
#950 = DIRECTION ( 'NONE',  ( 0.000000000000000000, 1.000000000000000000, 0.000000000000000000 ) ) ;
#951 = FACE_OUTER_BOUND ( 'NONE', #509, .T. ) ;
#952 = VERTEX_POINT ( 'NONE', #850 ) ;
#953 = FACE_OUTER_BOUND ( 'NONE', #165, .T. ) ;
#954 = CARTESIAN_POINT ( 'NONE',  ( -7.546477655351338854, 23.50000000000000000, 1.552767547687273098 ) ) ;
#955 = ADVANCED_FACE ( 'NONE', ( #739 ), #364, .T. ) ;
#956 = ORIENTED_EDGE ( 'NONE', *, *, #1119, .T. ) ;
#957 = DIRECTION ( 'NONE',  ( -0.000000000000000000, -1.000000000000000000, -0.000000000000000000 ) ) ;
#958 = ORIENTED_EDGE ( 'NONE', *, *, #17, .T. ) ;
#959 = CARTESIAN_POINT ( 'NONE',  ( 12.99999999999999822, 24.00000000000000000, 13.00000000000000178 ) ) ;
#960 = EDGE_CURVE ( 'NONE', #650, #1341, #323, .T. ) ;
#961 = DIRECTION ( 'NONE',  ( 1.000000000000000000, 0.000000000000000000, 0.000000000000000000 ) ) ;
#962 = ORIENTED_EDGE ( 'NONE', *, *, #1386, .T. ) ;
#963 = CARTESIAN_POINT ( 'NONE',  ( 18.99999999999999645, 24.00000000000000000, 13.00000000000000178 ) ) ;
#964 = AXIS2_PLACEMENT_3D ( 'NONE', #1054, #224, #1197 ) ;
#965 = CARTESIAN_POINT ( 'NONE',  ( -13.00000000000000888, 24.00000000000000000, -13.00000000000000178 ) ) ;
#966 = ORIENTED_EDGE ( 'NONE', *, *, #1424, .T. ) ;
#967 = CARTESIAN_POINT ( 'NONE',  ( -7.546477655351338854, 24.00000000000000000, 1.252767547687273497 ) ) ;
#968 = VERTEX_POINT ( 'NONE', #601 ) ;
#969 = CARTESIAN_POINT ( 'NONE',  ( 7.546477655351338854, 24.00000000000000000, 1.252767547687248184 ) ) ;
#970 = DIRECTION ( 'NONE',  ( 0.000000000000000000, 1.000000000000000000, 0.000000000000000000 ) ) ;
#971 = EDGE_CURVE ( 'NONE', #1787, #434, #216, .T. ) ;
#972 = CARTESIAN_POINT ( 'NONE',  ( 12.99999999999999467, 24.50000000000000000, -19.00000000000000355 ) ) ;
#973 = APPROVAL_PERSON_ORGANIZATION ( #464, #758, #1284 ) ;
#974 = EDGE_CURVE ( 'NONE', #747, #1532, #628, .T. ) ;
#975 = CARTESIAN_POINT ( 'NONE',  ( 20.99999999999999645, 24.00000000000000000, 21.00000000000000000 ) ) ;
#976 = VECTOR ( 'NONE', #27, 1000.000000000000000 ) ;
#977 = VECTOR ( 'NONE', #598, 1000.000000000000000 ) ;
#978 = CC_DESIGN_PERSON_AND_ORGANIZATION_ASSIGNMENT ( #1344, #1129, ( #1544 ) ) ;
#979 = FACE_OUTER_BOUND ( 'NONE', #325, .T. ) ;
#980 = CARTESIAN_POINT ( 'NONE',  ( 20.99999999999999289, 24.00000000000000000, -13.00000000000000178 ) ) ;
#981 = EDGE_LOOP ( 'NONE', ( #144, #1430, #1314, #538 ) ) ;
#982 = MANIFOLD_SOLID_BREP ( '¶ñ®Æ-¦ùªø4', #941 ) ;
#983 = CARTESIAN_POINT ( 'NONE',  ( -13.00000000000000533, 24.00000000000000000, 13.00000000000000711 ) ) ;
#984 = ORIENTED_EDGE ( 'NONE', *, *, #1677, .T. ) ;
#985 = ORIENTED_EDGE ( 'NONE', *, *, #1619, .F. ) ;
#986 = PLANE ( 'NONE',  #1684 ) ;
#987 = ORIENTED_EDGE ( 'NONE', *, *, #572, .T. ) ;
#988 = AXIS2_PLACEMENT_3D ( 'NONE', #1625, #638, #1760 ) ;
#989 = DATE_TIME_ROLE ( 'classification_date' ) ;
#990 = CARTESIAN_POINT ( 'NONE',  ( 18.99999999999999645, 23.00000000000000000, 13.00000000000000178 ) ) ;
#991 = AXIS2_PLACEMENT_3D ( 'NONE', #441, #1408, #1434 ) ;
#992 = ORIENTED_EDGE ( 'NONE', *, *, #945, .F. ) ;
#993 = DIRECTION ( 'NONE',  ( -1.000000000000000000, 0.000000000000000000, 0.000000000000000000 ) ) ;
#994 = DIRECTION ( 'NONE',  ( 0.000000000000000000, 1.000000000000000000, 0.000000000000000000 ) ) ;
#995 = EDGE_CURVE ( 'NONE', #898, #650, #74, .T. ) ;
#996 = FACE_OUTER_BOUND ( 'NONE', #1479, .T. ) ;
#997 = DIRECTION ( 'NONE',  ( -0.000000000000000000, -1.000000000000000000, -0.000000000000000000 ) ) ;
#998 = MECHANICAL_CONTEXT ( 'NONE', #861, 'mechanical' ) ;
#999 = LINE ( 'NONE', #790, #77 ) ;
#1000 = FACE_OUTER_BOUND ( 'NONE', #1641, .T. ) ;
#1001 = AXIS2_PLACEMENT_3D ( 'NONE', #776, #340, #488 ) ;
#1002 = ORIENTED_EDGE ( 'NONE', *, *, #405, .F. ) ;
#1003 = CIRCLE ( 'NONE', #854, 1.741203455465309524 ) ;
#1004 = VERTEX_POINT ( 'NONE', #1161 ) ;
#1005 = DIRECTION ( 'NONE',  ( 0.000000000000000000, 1.000000000000000000, 0.000000000000000000 ) ) ;
#1006 = VERTEX_POINT ( 'NONE', #321 ) ;
#1007 =( LENGTH_UNIT ( ) NAMED_UNIT ( * ) SI_UNIT ( .MILLI., .METRE. ) );
#1008 = CARTESIAN_POINT ( 'NONE',  ( -12.99999999999999289, 23.00000000000000000, 19.00000000000000711 ) ) ;
#1009 = DIRECTION ( 'NONE',  ( 8.260587980841938780E-17, -0.000000000000000000, 1.000000000000000000 ) ) ;
#1010 = DIRECTION ( 'NONE',  ( 0.000000000000000000, -0.000000000000000000, 1.000000000000000000 ) ) ;
#1011 = EDGE_CURVE ( 'NONE', #1316, #573, #589, .T. ) ;
#1012 = ORIENTED_EDGE ( 'NONE', *, *, #532, .F. ) ;
#1013 = DIRECTION ( 'NONE',  ( 0.000000000000000000, -1.000000000000000000, 0.000000000000000000 ) ) ;
#1014 = ORIENTED_EDGE ( 'NONE', *, *, #169, .T. ) ;
#1015 = APPROVAL_DATE_TIME ( #922, #724 ) ;
#1016 = CYLINDRICAL_SURFACE ( 'NONE', #618, 1.552767547687248006 ) ;
#1017 = DIRECTION ( 'NONE',  ( 0.000000000000000000, 0.000000000000000000, 1.000000000000000000 ) ) ;
#1018 = EDGE_CURVE ( 'NONE', #816, #882, #183, .T. ) ;
#1019 = ORIENTED_EDGE ( 'NONE', *, *, #634, .F. ) ;
#1020 = CIRCLE ( 'NONE', #1157, 1.552767547687248006 ) ;
#1021 = ORIENTED_EDGE ( 'NONE', *, *, #1327, .F. ) ;
#1022 = AXIS2_PLACEMENT_3D ( 'NONE', #55, #1582, #1017 ) ;
#1023 = PLANE ( 'NONE',  #1320 ) ;
#1024 = CARTESIAN_POINT ( 'NONE',  ( 18.99999999999999289, 23.00000000000000000, -13.00000000000000533 ) ) ;
#1025 = ORIENTED_EDGE ( 'NONE', *, *, #169, .F. ) ;
#1026 = DIRECTION ( 'NONE',  ( 0.000000000000000000, 1.000000000000000000, 0.000000000000000000 ) ) ;
#1027 = VERTEX_POINT ( 'NONE', #486 ) ;
#1028 = EDGE_CURVE ( 'NONE', #1358, #1636, #1503, .T. ) ;
#1029 = EDGE_LOOP ( 'NONE', ( #205, #830 ) ) ;
#1030 = CARTESIAN_POINT ( 'NONE',  ( 12.99999999999999467, 24.00000000000000000, -13.00000000000000178 ) ) ;
#1031 = AXIS2_PLACEMENT_3D ( 'NONE', #1237, #554, #411 ) ;
#1032 = ORIENTED_EDGE ( 'NONE', *, *, #1775, .T. ) ;
#1033 = CARTESIAN_POINT ( 'NONE',  ( 15.99999999999999289, 0.000000000000000000, -13.00000000000000178 ) ) ;
#1034 = SECURITY_CLASSIFICATION ( '', '', #851 ) ;
#1035 = DIRECTION ( 'NONE',  ( 0.000000000000000000, 0.000000000000000000, 1.000000000000000000 ) ) ;
#1036 = CIRCLE ( 'NONE', #212, 6.000000000000001776 ) ;
#1037 = CARTESIAN_POINT ( 'NONE',  ( 7.546477655351338854, 23.50000000000000000, 0.000000000000000000 ) ) ;
#1038 = LINE ( 'NONE', #356, #1701 ) ;
#1039 = CYLINDRICAL_SURFACE ( 'NONE', #906, 4.399515850643010317 ) ;
#1040 = TOROIDAL_SURFACE ( 'NONE', #136, 3.000000000000000000, 5.000000000000000000 ) ;
#1041 = AXIS2_PLACEMENT_3D ( 'NONE', #916, #1062, #796 ) ;
#1042 = EDGE_LOOP ( 'NONE', ( #1167, #456, #1146, #1727 ) ) ;
#1043 = EDGE_LOOP ( 'NONE', ( #1449, #422 ) ) ;
#1044 = AXIS2_PLACEMENT_3D ( 'NONE', #1394, #950, #146 ) ;
#1045 = CARTESIAN_POINT ( 'NONE',  ( -16.00000000000000711, 5.000000000000000888, -21.00000000000000000 ) ) ;
#1046 = ORIENTED_EDGE ( 'NONE', *, *, #971, .F. ) ;
#1047 = CARTESIAN_POINT ( 'NONE',  ( -7.546477655351338854, 24.00000000000000000, 0.000000000000000000 ) ) ;
#1048 = ORIENTED_EDGE ( 'NONE', *, *, #261, .F. ) ;
#1049 = CARTESIAN_POINT ( 'NONE',  ( 13.00000000000000533, 23.00000000000000000, 19.00000000000000355 ) ) ;
#1050 = ORIENTED_EDGE ( 'NONE', *, *, #506, .F. ) ;
#1051 = EDGE_CURVE ( 'NONE', #938, #644, #824, .T. ) ;
#1052 = EDGE_LOOP ( 'NONE', ( #887, #705, #723, #1087 ) ) ;
#1053 = CARTESIAN_POINT ( 'NONE',  ( -13.00000000000000888, 24.50000000000000000, -13.00000000000000178 ) ) ;
#1054 = CARTESIAN_POINT ( 'NONE',  ( 7.546477655351338854, 24.00000000000000000, 0.000000000000000000 ) ) ;
#1055 = PERSON_AND_ORGANIZATION ( #1414, #1190 ) ;
#1056 = FACE_OUTER_BOUND ( 'NONE', #375, .T. ) ;
#1057 = VECTOR ( 'NONE', #192, 1000.000000000000000 ) ;
#1058 = VECTOR ( 'NONE', #1743, 1000.000000000000000 ) ;
#1059 = CARTESIAN_POINT ( 'NONE',  ( -7.546477655351338854, 24.50000000000000000, 0.000000000000000000 ) ) ;
#1060 = CARTESIAN_POINT ( 'NONE',  ( -7.546477655351338854, 24.50000000000000000, 0.000000000000000000 ) ) ;
#1061 = ORIENTED_EDGE ( 'NONE', *, *, #633, .T. ) ;
#1062 = DIRECTION ( 'NONE',  ( 0.000000000000000000, 1.000000000000000000, 0.000000000000000000 ) ) ;
#1063 = ORIENTED_EDGE ( 'NONE', *, *, #177, .F. ) ;
#1064 = VERTEX_POINT ( 'NONE', #476 ) ;
#1065 = CARTESIAN_POINT ( 'NONE',  ( 18.99999999999999645, 24.50000000000000000, 13.00000000000000178 ) ) ;
#1066 = ORIENTED_EDGE ( 'NONE', *, *, #1607, .T. ) ;
#1067 = DIRECTION ( 'NONE',  ( -1.000000000000000000, 0.000000000000000000, 0.000000000000000000 ) ) ;
#1068 = CARTESIAN_POINT ( 'NONE',  ( 18.99999999999999289, 23.00000000000000000, -13.00000000000000533 ) ) ;
#1069 = CARTESIAN_POINT ( 'NONE',  ( 18.99999999999999645, 24.00000000000000000, 13.00000000000000178 ) ) ;
#1070 = VERTEX_POINT ( 'NONE', #620 ) ;
#1071 = DIRECTION ( 'NONE',  ( -1.334402673828312846E-16, 0.000000000000000000, -1.000000000000000000 ) ) ;
#1072 = ORIENTED_EDGE ( 'NONE', *, *, #1589, .T. ) ;
#1073 = ADVANCED_FACE ( 'NONE', ( #499 ), #465, .F. ) ;
#1074 = DIRECTION ( 'NONE',  ( 0.000000000000000000, 0.000000000000000000, 1.000000000000000000 ) ) ;
#1075 = ORIENTED_EDGE ( 'NONE', *, *, #1468, .F. ) ;
#1076 = AXIS2_PLACEMENT_3D ( 'NONE', #414, #1101, #1218 ) ;
#1077 = CARTESIAN_POINT ( 'NONE',  ( 15.99999999999999645, 5.000000000000000000, 13.00000000000000178 ) ) ;
#1078 = AXIS2_PLACEMENT_3D ( 'NONE', #709, #168, #1271 ) ;
#1079 = CIRCLE ( 'NONE', #1633, 6.000000000000001776 ) ;
#1080 = DIRECTION ( 'NONE',  ( 0.000000000000000000, 0.000000000000000000, 1.000000000000000000 ) ) ;
#1081 = DIRECTION ( 'NONE',  ( -1.334402673828313093E-16, 0.000000000000000000, -1.000000000000000000 ) ) ;
#1082 = FACE_OUTER_BOUND ( 'NONE', #1052, .T. ) ;
#1083 = FACE_OUTER_BOUND ( 'NONE', #10, .T. ) ;
#1084 = CARTESIAN_POINT ( 'NONE',  ( -7.546477655351338854, 23.50000000000000000, -0.3867421439028351227 ) ) ;
#1085 = CIRCLE ( 'NONE', #1096, 8.000000000000000000 ) ;
#1086 = ADVANCED_FACE ( 'NONE', ( #689 ), #113, .T. ) ;
#1087 = ORIENTED_EDGE ( 'NONE', *, *, #717, .F. ) ;
#1088 = FACE_OUTER_BOUND ( 'NONE', #765, .T. ) ;
#1089 = CARTESIAN_POINT ( 'NONE',  ( -7.546477655351338854, 23.50000000000000000, 0.3867421439028351227 ) ) ;
#1090 = ORIENTED_EDGE ( 'NONE', *, *, #654, .F. ) ;
#1091 = DIRECTION ( 'NONE',  ( 0.000000000000000000, 1.000000000000000000, 0.000000000000000000 ) ) ;
#1092 = EDGE_CURVE ( 'NONE', #1004, #1027, #89, .T. ) ;
#1093 = CARTESIAN_POINT ( 'NONE',  ( 20.99999999999999645, 24.00000000000000000, 12.99999999999998757 ) ) ;
#1094 = ORIENTED_EDGE ( 'NONE', *, *, #772, .F. ) ;
#1095 = VERTEX_POINT ( 'NONE', #1317 ) ;
#1096 = AXIS2_PLACEMENT_3D ( 'NONE', #710, #1291, #29 ) ;
#1097 = DIRECTION ( 'NONE',  ( -0.000000000000000000, 1.000000000000000000, -0.000000000000000000 ) ) ;
#1098 = DIRECTION ( 'NONE',  ( -0.000000000000000000, -1.000000000000000000, -0.000000000000000000 ) ) ;
#1099 = ADVANCED_FACE ( 'NONE', ( #853 ), #762, .F. ) ;
#1100 = DIRECTION ( 'NONE',  ( 0.000000000000000000, 1.000000000000000000, 0.000000000000000000 ) ) ;
#1101 = DIRECTION ( 'NONE',  ( 0.000000000000000000, 1.000000000000000000, 0.000000000000000000 ) ) ;
#1102 = EDGE_LOOP ( 'NONE', ( #595, #1427, #76, #1648 ) ) ;
#1103 = DIRECTION ( 'NONE',  ( 0.000000000000000000, 0.000000000000000000, -1.000000000000000000 ) ) ;
#1104 = DIRECTION ( 'NONE',  ( 0.000000000000000000, -0.000000000000000000, 1.000000000000000000 ) ) ;
#1105 = EDGE_CURVE ( 'NONE', #1195, #1512, #1156, .T. ) ;
#1106 = DATE_AND_TIME ( #1567, #1609 ) ;
#1107 = CARTESIAN_POINT ( 'NONE',  ( 7.546477655351338854, 23.50000000000000000, -0.3867421439028097541 ) ) ;
#1108 = FACE_OUTER_BOUND ( 'NONE', #95, .T. ) ;
#1109 = CC_DESIGN_DATE_AND_TIME_ASSIGNMENT ( #134, #989, ( #1034 ) ) ;
#1110 = DIRECTION ( 'NONE',  ( 0.000000000000000000, 0.000000000000000000, 1.000000000000000000 ) ) ;
#1111 = LINE ( 'NONE', #1139, #544 ) ;
#1112 = ORIENTED_EDGE ( 'NONE', *, *, #1715, .F. ) ;
#1113 = CIRCLE ( 'NONE', #774, 1.552767547687248006 ) ;
#1114 = DIRECTION ( 'NONE',  ( -1.334402673828313093E-16, 0.000000000000000000, -1.000000000000000000 ) ) ;
#1115 = EDGE_LOOP ( 'NONE', ( #1324, #693, #15, #529 ) ) ;
#1116 = ORIENTED_EDGE ( 'NONE', *, *, #1397, .F. ) ;
#1117 = CARTESIAN_POINT ( 'NONE',  ( -7.546477655351338854, 23.50000000000000000, 0.000000000000000000 ) ) ;
#1118 = EDGE_LOOP ( 'NONE', ( #246, #674, #864, #1335 ) ) ;
#1119 = EDGE_CURVE ( 'NONE', #1360, #561, #1288, .T. ) ;
#1120 = CARTESIAN_POINT ( 'NONE',  ( -7.546477655351338854, 24.00000000000000000, 0.000000000000000000 ) ) ;
#1121 = AXIS2_PLACEMENT_3D ( 'NONE', #546, #961, #1257 ) ;
#1122 = ORIENTED_EDGE ( 'NONE', *, *, #767, .T. ) ;
#1123 = CARTESIAN_POINT ( 'NONE',  ( -21.00000000000000711, 24.00000000000000000, -21.00000000000000000 ) ) ;
#1124 = ORIENTED_EDGE ( 'NONE', *, *, #1607, .F. ) ;
#1125 = DIRECTION ( 'NONE',  ( 1.000000000000000000, 0.000000000000000000, 0.000000000000000000 ) ) ;
#1126 = VERTEX_POINT ( 'NONE', #1717 ) ;
#1127 = DIRECTION ( 'NONE',  ( -0.000000000000000000, -1.000000000000000000, -0.000000000000000000 ) ) ;
#1128 = EDGE_CURVE ( 'NONE', #647, #602, #777, .T. ) ;
#1129 = PERSON_AND_ORGANIZATION_ROLE ( 'design_owner' ) ;
#1130 = FACE_OUTER_BOUND ( 'NONE', #1580, .T. ) ;
#1131 = AXIS2_PLACEMENT_3D ( 'NONE', #1369, #836, #428 ) ;
#1132 = DIRECTION ( 'NONE',  ( -0.000000000000000000, -1.000000000000000000, -0.000000000000000000 ) ) ;
#1133 = VECTOR ( 'NONE', #43, 1000.000000000000000 ) ;
#1134 = VECTOR ( 'NONE', #88, 1000.000000000000000 ) ;
#1135 = VECTOR ( 'NONE', #1526, 1000.000000000000000 ) ;
#1136 = CARTESIAN_POINT ( 'NONE',  ( 18.99999999999999645, 23.00000000000000000, 13.00000000000000178 ) ) ;
#1137 = ORIENTED_EDGE ( 'NONE', *, *, #249, .F. ) ;
#1138 = CIRCLE ( 'NONE', #1644, 6.000000000000001776 ) ;
#1139 = CARTESIAN_POINT ( 'NONE',  ( 7.546477655351339742, 24.00000000000000000, 4.399515850643010317 ) ) ;
#1140 = CARTESIAN_POINT ( 'NONE',  ( -7.546477655351338854, 24.00000000000000000, 0.000000000000000000 ) ) ;
#1141 = ORIENTED_EDGE ( 'NONE', *, *, #1051, .F. ) ;
#1142 = ORIENTED_EDGE ( 'NONE', *, *, #1715, .T. ) ;
#1143 = DIRECTION ( 'NONE',  ( 0.000000000000000000, 0.000000000000000000, -1.000000000000000000 ) ) ;
#1144 = EDGE_CURVE ( 'NONE', #753, #1636, #1173, .T. ) ;
#1145 = APPLICATION_PROTOCOL_DEFINITION ( 'international standard', 'config_control_design', 1994, #861 ) ;
#1146 = ORIENTED_EDGE ( 'NONE', *, *, #342, .T. ) ;
#1147 = AXIS2_PLACEMENT_3D ( 'NONE', #651, #107, #379 ) ;
#1148 = ORIENTED_EDGE ( 'NONE', *, *, #1152, .F. ) ;
#1149 = DIRECTION ( 'NONE',  ( 0.000000000000000000, 0.000000000000000000, -1.000000000000000000 ) ) ;
#1150 = ORIENTED_EDGE ( 'NONE', *, *, #1152, .T. ) ;
#1151 = DIRECTION ( 'NONE',  ( 0.000000000000000000, 1.000000000000000000, 0.000000000000000000 ) ) ;
#1152 = EDGE_CURVE ( 'NONE', #637, #1006, #1629, .T. ) ;
#1153 = CIRCLE ( 'NONE', #1196, 6.000000000000000000 ) ;
#1154 = DIRECTION ( 'NONE',  ( 1.000000000000000000, 0.000000000000000000, -0.000000000000000000 ) ) ;
#1155 = DATE_TIME_ROLE ( 'creation_date' ) ;
#1156 = CIRCLE ( 'NONE', #748, 6.000000000000001776 ) ;
#1157 = AXIS2_PLACEMENT_3D ( 'NONE', #1037, #1325, #1181 ) ;
#1158 = CIRCLE ( 'NONE', #80, 1.552767547687248006 ) ;
#1159 = ORIENTED_EDGE ( 'NONE', *, *, #322, .F. ) ;
#1160 = VERTEX_POINT ( 'NONE', #1495 ) ;
#1161 = CARTESIAN_POINT ( 'NONE',  ( 7.546477655351339742, 24.00000000000000000, 4.399515850643010317 ) ) ;
#1162 = CARTESIAN_POINT ( 'NONE',  ( -19.00000000000000711, 23.00000000000000000, 13.00000000000000888 ) ) ;
#1163 = AXIS2_PLACEMENT_3D ( 'NONE', #690, #1378, #1104 ) ;
#1164 = ORIENTED_EDGE ( 'NONE', *, *, #228, .F. ) ;
#1165 = EDGE_LOOP ( 'NONE', ( #1032, #1735, #376, #966, #1377, #1448, #784, #604 ) ) ;
#1166 = CC_DESIGN_APPROVAL ( #758, ( #380 ) ) ;
#1167 = ORIENTED_EDGE ( 'NONE', *, *, #641, .F. ) ;
#1168 = CARTESIAN_POINT ( 'NONE',  ( -7.546477655351338854, 26.50000000000000000, 0.000000000000000000 ) ) ;
#1169 = VECTOR ( 'NONE', #1669, 1000.000000000000000 ) ;
#1170 = LINE ( 'NONE', #138, #665 ) ;
#1171 = AXIS2_PLACEMENT_3D ( 'NONE', #366, #1247, #1785 ) ;
#1172 = FACE_BOUND ( 'NONE', #1540, .T. ) ;
#1173 = LINE ( 'NONE', #514, #1328 ) ;
#1174 = DIRECTION ( 'NONE',  ( 0.000000000000000000, 0.000000000000000000, 1.000000000000000000 ) ) ;
#1175 = ORIENTED_EDGE ( 'NONE', *, *, #1397, .T. ) ;
#1176 = VECTOR ( 'NONE', #1240, 1000.000000000000000 ) ;
#1177 = AXIS2_PLACEMENT_3D ( 'NONE', #848, #725, #599 ) ;
#1178 = DIRECTION ( 'NONE',  ( 0.000000000000000000, 1.000000000000000000, 0.000000000000000000 ) ) ;
#1179 = ORIENTED_EDGE ( 'NONE', *, *, #873, .T. ) ;
#1180 = DIRECTION ( 'NONE',  ( 0.000000000000000000, 0.000000000000000000, 1.000000000000000000 ) ) ;
#1181 = DIRECTION ( 'NONE',  ( 0.000000000000000000, 0.000000000000000000, 1.000000000000000000 ) ) ;
#1182 = EDGE_CURVE ( 'NONE', #196, #879, #1738, .T. ) ;
#1183 = ADVANCED_FACE ( 'NONE', ( #1210 ), #137, .F. ) ;
#1184 = ORIENTED_EDGE ( 'NONE', *, *, #863, .F. ) ;
#1185 = AXIS2_PLACEMENT_3D ( 'NONE', #1774, #389, #1080 ) ;
#1186 = ORIENTED_EDGE ( 'NONE', *, *, #1182, .T. ) ;
#1187 = CARTESIAN_POINT ( 'NONE',  ( -13.00000000000000888, 24.00000000000000000, -21.00000000000000000 ) ) ;
#1188 = DIRECTION ( 'NONE',  ( 0.000000000000000000, 1.000000000000000000, 0.000000000000000000 ) ) ;
#1189 = COORDINATED_UNIVERSAL_TIME_OFFSET ( 8, 0, .AHEAD. ) ;
#1190 = ORGANIZATION ( 'UNSPECIFIED', 'UNSPECIFIED', '' ) ;
#1191 = FACE_BOUND ( 'NONE', #1456, .T. ) ;
#1192 = DIRECTION ( 'NONE',  ( 0.000000000000000000, 0.000000000000000000, 1.000000000000000000 ) ) ;
#1193 = VECTOR ( 'NONE', #1200, 1000.000000000000000 ) ;
#1194 = EDGE_CURVE ( 'NONE', #780, #1605, #610, .T. ) ;
#1195 = VERTEX_POINT ( 'NONE', #1207 ) ;
#1196 = AXIS2_PLACEMENT_3D ( 'NONE', #1405, #1100, #1412 ) ;
#1197 = DIRECTION ( 'NONE',  ( 0.000000000000000000, 0.000000000000000000, 1.000000000000000000 ) ) ;
#1198 = VERTEX_POINT ( 'NONE', #1630 ) ;
#1199 = CARTESIAN_POINT ( 'NONE',  ( -12.99999999999999112, 0.000000000000000000, 16.00000000000000711 ) ) ;
#1200 = DIRECTION ( 'NONE',  ( -0.000000000000000000, -1.000000000000000000, -0.000000000000000000 ) ) ;
#1201 = ORIENTED_EDGE ( 'NONE', *, *, #1792, .F. ) ;
#1202 = CARTESIAN_POINT ( 'NONE',  ( -13.00000000000000888, 24.00000000000000000, -13.00000000000000178 ) ) ;
#1203 = EDGE_CURVE ( 'NONE', #1667, #1736, #179, .T. ) ;
#1204 = ORIENTED_EDGE ( 'NONE', *, *, #1386, .F. ) ;
#1205 = ORIENTED_EDGE ( 'NONE', *, *, #1775, .F. ) ;
#1206 = AXIS2_PLACEMENT_3D ( 'NONE', #1089, #1355, #1767 ) ;
#1207 = CARTESIAN_POINT ( 'NONE',  ( -12.99999999999999467, 24.00000000000000000, -19.00000000000000355 ) ) ;
#1208 = LINE ( 'NONE', #98, #711 ) ;
#1209 = CARTESIAN_POINT ( 'NONE',  ( -7.546477655351338854, 23.50000000000000000, 0.000000000000000000 ) ) ;
#1210 = FACE_OUTER_BOUND ( 'NONE', #1685, .T. ) ;
#1211 = CARTESIAN_POINT ( 'NONE',  ( -13.00000000000000888, 0.000000000000000000, -13.00000000000000178 ) ) ;
#1212 = VECTOR ( 'NONE', #1132, 1000.000000000000000 ) ;
#1213 = VECTOR ( 'NONE', #71, 1000.000000000000000 ) ;
#1214 = DIRECTION ( 'NONE',  ( -0.000000000000000000, -1.000000000000000000, -0.000000000000000000 ) ) ;
#1215 = EDGE_CURVE ( 'NONE', #1512, #1341, #256, .T. ) ;
#1216 = CARTESIAN_POINT ( 'NONE',  ( -7.546477655351338854, 23.00000000000000000, -4.399515850643010317 ) ) ;
#1217 = CIRCLE ( 'NONE', #1554, 6.000000000000000000 ) ;
#1218 = DIRECTION ( 'NONE',  ( 0.000000000000000000, 0.000000000000000000, 1.000000000000000000 ) ) ;
#1219 = EDGE_LOOP ( 'NONE', ( #1268, #905 ) ) ;
#1220 = AXIS2_PLACEMENT_3D ( 'NONE', #1590, #195, #740 ) ;
#1221 = ORIENTED_EDGE ( 'NONE', *, *, #810, .T. ) ;
#1222 = DIRECTION ( 'NONE',  ( 0.000000000000000000, -1.000000000000000000, 0.000000000000000000 ) ) ;
#1223 = AXIS2_PLACEMENT_3D ( 'NONE', #1140, #1571, #293 ) ;
#1224 = ORIENTED_EDGE ( 'NONE', *, *, #772, .T. ) ;
#1225 = ADVANCED_FACE ( 'NONE', ( #518 ), #713, .T. ) ;
#1226 = DIRECTION ( 'NONE',  ( 0.000000000000000000, 0.000000000000000000, 1.000000000000000000 ) ) ;
#1227 = ORIENTED_EDGE ( 'NONE', *, *, #44, .F. ) ;
#1228 = EDGE_CURVE ( 'NONE', #752, #1395, #497, .T. ) ;
#1229 = CARTESIAN_POINT ( 'NONE',  ( 12.99999999999999822, 23.00000000000000000, 13.00000000000000178 ) ) ;
#1230 = PLANE ( 'NONE',  #1331 ) ;
#1231 = ORIENTED_EDGE ( 'NONE', *, *, #64, .T. ) ;
#1232 = AXIS2_PLACEMENT_3D ( 'NONE', #1107, #265, #271 ) ;
#1233 = ADVANCED_FACE ( 'NONE', ( #158 ), #936, .F. ) ;
#1234 = AXIS2_PLACEMENT_3D ( 'NONE', #1372, #1345, #391 ) ;
#1235 = CARTESIAN_POINT ( 'NONE',  ( 7.546477655351338854, 24.50000000000000000, 0.3867421439028097541 ) ) ;
#1236 = APPROVAL_DATE_TIME ( #735, #22 ) ;
#1237 = CARTESIAN_POINT ( 'NONE',  ( 7.546477655351338854, 24.00000000000000000, 0.000000000000000000 ) ) ;
#1238 = DIRECTION ( 'NONE',  ( 0.000000000000000000, 0.000000000000000000, 1.000000000000000000 ) ) ;
#1239 = CIRCLE ( 'NONE', #991, 6.000000000000000000 ) ;
#1240 = DIRECTION ( 'NONE',  ( -1.334402673828312846E-16, 0.000000000000000000, -1.000000000000000000 ) ) ;
#1241 = CIRCLE ( 'NONE', #1349, 6.000000000000000000 ) ;
#1242 = LINE ( 'NONE', #639, #1290 ) ;
#1243 = ORIENTED_EDGE ( 'NONE', *, *, #1725, .F. ) ;
#1244 = EDGE_CURVE ( 'NONE', #1773, #766, #1036, .T. ) ;
#1245 = ADVANCED_FACE ( 'NONE', ( #110 ), #1016, .T. ) ;
#1246 = VERTEX_POINT ( 'NONE', #1250 ) ;
#1247 = DIRECTION ( 'NONE',  ( 1.000000000000000000, 0.000000000000000000, 0.000000000000000000 ) ) ;
#1248 = ORIENTED_EDGE ( 'NONE', *, *, #1105, .T. ) ;
#1249 = AXIS2_PLACEMENT_3D ( 'NONE', #97, #1487, #787 ) ;
#1250 = CARTESIAN_POINT ( 'NONE',  ( -21.00000000000000355, 5.000000000000000888, 13.00000000000000888 ) ) ;
#1251 = DIRECTION ( 'NONE',  ( 1.000000000000000000, 0.000000000000000000, 0.000000000000000000 ) ) ;
#1252 = CARTESIAN_POINT ( 'NONE',  ( 20.99999999999999645, 5.000000000000000888, 13.00000000000000178 ) ) ;
#1253 = ORIENTED_EDGE ( 'NONE', *, *, #974, .T. ) ;
#1254 = ADVANCED_FACE ( 'NONE', ( #849, #481 ), #1486, .T. ) ;
#1255 = ORIENTED_EDGE ( 'NONE', *, *, #1319, .T. ) ;
#1256 = DIRECTION ( 'NONE',  ( -0.000000000000000000, 1.000000000000000000, -0.000000000000000000 ) ) ;
#1257 = DIRECTION ( 'NONE',  ( 0.000000000000000000, 0.000000000000000000, -1.000000000000000000 ) ) ;
#1258 = AXIS2_PLACEMENT_3D ( 'NONE', #1276, #435, #1692 ) ;
#1259 = DIRECTION ( 'NONE',  ( -0.000000000000000000, -1.000000000000000000, -0.000000000000000000 ) ) ;
#1260 = CIRCLE ( 'NONE', #1402, 5.000000000000000888 ) ;
#1261 = CC_DESIGN_PERSON_AND_ORGANIZATION_ASSIGNMENT ( #495, #1689, ( #352 ) ) ;
#1262 = DIRECTION ( 'NONE',  ( -0.000000000000000000, 1.000000000000000000, -0.000000000000000000 ) ) ;
#1263 = FACE_OUTER_BOUND ( 'NONE', #593, .T. ) ;
#1264 = DIRECTION ( 'NONE',  ( -1.000000000000000000, 0.000000000000000000, 0.000000000000000000 ) ) ;
#1265 = DIRECTION ( 'NONE',  ( 0.000000000000000000, 1.000000000000000000, 0.000000000000000000 ) ) ;
#1266 = EDGE_LOOP ( 'NONE', ( #1422, #1713, #1075, #358 ) ) ;
#1267 = LINE ( 'NONE', #1305, #1784 ) ;
#1268 = ORIENTED_EDGE ( 'NONE', *, *, #156, .T. ) ;
#1269 = CIRCLE ( 'NONE', #1579, 5.000000000000000888 ) ;
#1270 = ORIENTED_EDGE ( 'NONE', *, *, #1327, .T. ) ;
#1271 = DIRECTION ( 'NONE',  ( 0.000000000000000000, 0.000000000000000000, -1.000000000000000000 ) ) ;
#1272 = DIRECTION ( 'NONE',  ( -0.000000000000000000, -1.000000000000000000, -0.000000000000000000 ) ) ;
#1273 = AXIS2_PLACEMENT_3D ( 'NONE', #120, #557, #806 ) ;
#1274 = CARTESIAN_POINT ( 'NONE',  ( 15.99999999999999289, 5.000000000000000000, -13.00000000000000178 ) ) ;
#1275 = AXIS2_PLACEMENT_3D ( 'NONE', #1697, #1281, #1426 ) ;
#1276 = CARTESIAN_POINT ( 'NONE',  ( 7.546477655351338854, 24.00000000000000000, 0.000000000000000000 ) ) ;
#1277 = CARTESIAN_POINT ( 'NONE',  ( -13.00000000000000888, 23.00000000000000000, -13.00000000000000178 ) ) ;
#1278 = ORIENTED_EDGE ( 'NONE', *, *, #1619, .T. ) ;
#1279 = DIRECTION ( 'NONE',  ( -0.000000000000000000, -1.000000000000000000, -0.000000000000000000 ) ) ;
#1280 = VERTEX_POINT ( 'NONE', #842 ) ;
#1281 = DIRECTION ( 'NONE',  ( 0.000000000000000000, 1.000000000000000000, 0.000000000000000000 ) ) ;
#1282 = EDGE_CURVE ( 'NONE', #1333, #1195, #385, .T. ) ;
#1283 = DIRECTION ( 'NONE',  ( 0.000000000000000000, 0.000000000000000000, 1.000000000000000000 ) ) ;
#1284 = APPROVAL_ROLE ( '' ) ;
#1285 = AXIS2_PLACEMENT_3D ( 'NONE', #1508, #381, #1497 ) ;
#1286 = CARTESIAN_POINT ( 'NONE',  ( -7.546477655351338854, 23.50000000000000000, 0.000000000000000000 ) ) ;
#1287 = VECTOR ( 'NONE', #1009, 1000.000000000000000 ) ;
#1288 = CIRCLE ( 'NONE', #1794, 4.399515850643010317 ) ;
#1289 = DIRECTION ( 'NONE',  ( -0.000000000000000000, -1.000000000000000000, -0.000000000000000000 ) ) ;
#1290 = VECTOR ( 'NONE', #937, 1000.000000000000000 ) ;
#1291 = DIRECTION ( 'NONE',  ( -0.000000000000000000, 1.000000000000000000, -0.000000000000000000 ) ) ;
#1292 = CARTESIAN_POINT ( 'NONE',  ( -19.00000000000001066, 24.00000000000000000, -13.00000000000000178 ) ) ;
#1294 = ADVANCED_FACE ( 'NONE', ( #996 ), #1657, .F. ) ;
#1293 = ORIENTED_EDGE ( 'NONE', *, *, #496, .T. ) ;
#1295 = DIRECTION ( 'NONE',  ( 0.000000000000000000, 0.000000000000000000, 1.000000000000000000 ) ) ;
#1296 = EDGE_LOOP ( 'NONE', ( #126, #1116, #1799, #893 ) ) ;
#1297 = CARTESIAN_POINT ( 'NONE',  ( -12.99999999999999289, 23.00000000000000000, 19.00000000000000711 ) ) ;
#1298 = EDGE_LOOP ( 'NONE', ( #1425, #1184, #630, #1563 ) ) ;
#1299 = EDGE_CURVE ( 'NONE', #1246, #952, #295, .T. ) ;
#1300 = APPROVAL_STATUS ( 'not_yet_approved' ) ;
#1301 = PLANE ( 'NONE',  #451 ) ;
#1302 = CARTESIAN_POINT ( 'NONE',  ( 12.99999999999999822, 24.00000000000000000, -21.00000000000000000 ) ) ;
#1303 = EDGE_LOOP ( 'NONE', ( #1221, #527, #1484, #1466, #987, #1253, #38, #21 ) ) ;
#1304 = CARTESIAN_POINT ( 'NONE',  ( -13.00000000000000888, 24.00000000000000000, -13.00000000000000178 ) ) ;
#1305 = CARTESIAN_POINT ( 'NONE',  ( 20.99999999999999289, 5.000000000000000888, -13.00000000000000533 ) ) ;
#1306 = EDGE_CURVE ( 'NONE', #1532, #78, #1170, .T. ) ;
#1307 = CIRCLE ( 'NONE', #96, 6.000000000000001776 ) ;
#1308 = DIRECTION ( 'NONE',  ( -0.000000000000000000, 1.000000000000000000, -0.000000000000000000 ) ) ;
#1309 = FACE_OUTER_BOUND ( 'NONE', #1029, .T. ) ;
#1310 = AXIS2_PLACEMENT_3D ( 'NONE', #575, #163, #703 ) ;
#1311 = CARTESIAN_POINT ( 'NONE',  ( 12.99999999999999822, 0.000000000000000000, -16.00000000000000000 ) ) ;
#1312 = ORIENTED_EDGE ( 'NONE', *, *, #1215, .T. ) ;
#1313 = LINE ( 'NONE', #1187, #825 ) ;
#1314 = ORIENTED_EDGE ( 'NONE', *, *, #1028, .T. ) ;
#1315 = LINE ( 'NONE', #963, #1176 ) ;
#1316 = VERTEX_POINT ( 'NONE', #1235 ) ;
#1317 = CARTESIAN_POINT ( 'NONE',  ( -7.546477655351338854, 24.00000000000000000, -1.552767547687273098 ) ) ;
#1318 = CARTESIAN_POINT ( 'NONE',  ( 7.546477655351338854, 24.00000000000000000, 0.000000000000000000 ) ) ;
#1319 = EDGE_CURVE ( 'NONE', #807, #778, #233, .T. ) ;
#1320 = AXIS2_PLACEMENT_3D ( 'NONE', #1573, #1336, #756 ) ;
#1321 = CARTESIAN_POINT ( 'NONE',  ( 20.99999999999999289, 24.00000000000000000, -21.00000000000000000 ) ) ;
#1322 = ORIENTED_EDGE ( 'NONE', *, *, #744, .T. ) ;
#1323 = CC_DESIGN_DATE_AND_TIME_ASSIGNMENT ( #1106, #1155, ( #380 ) ) ;
#1324 = ORIENTED_EDGE ( 'NONE', *, *, #794, .T. ) ;
#1325 = DIRECTION ( 'NONE',  ( 0.000000000000000000, 1.000000000000000000, 0.000000000000000000 ) ) ;
#1326 = PERSON_AND_ORGANIZATION ( #1414, #1190 ) ;
#1327 = EDGE_CURVE ( 'NONE', #879, #63, #1700, .T. ) ;
#1328 = VECTOR ( 'NONE', #1507, 1000.000000000000000 ) ;
#1329 = EDGE_CURVE ( 'NONE', #879, #968, #1592, .T. ) ;
#1330 = CIRCLE ( 'NONE', #106, 3.000000000000000000 ) ;
#1331 = AXIS2_PLACEMENT_3D ( 'NONE', #238, #250, #1081 ) ;
#1332 = CARTESIAN_POINT ( 'NONE',  ( 7.546477655351338854, 24.00000000000000000, 0.000000000000000000 ) ) ;
#1333 = VERTEX_POINT ( 'NONE', #1788 ) ;
#1334 = ORIENTED_EDGE ( 'NONE', *, *, #920, .T. ) ;
#1335 = ORIENTED_EDGE ( 'NONE', *, *, #1514, .T. ) ;
#1336 = DIRECTION ( 'NONE',  ( 1.000000000000000000, 0.000000000000000000, -1.334402673828313093E-16 ) ) ;
#1337 = EDGE_CURVE ( 'NONE', #396, #283, #588, .T. ) ;
#1338 = DIRECTION ( 'NONE',  ( -1.000000000000000000, 0.000000000000000000, 0.000000000000000000 ) ) ;
#1339 = VERTEX_POINT ( 'NONE', #678 ) ;
#1340 = AXIS2_PLACEMENT_3D ( 'NONE', #2, #1256, #1797 ) ;
#1341 = VERTEX_POINT ( 'NONE', #1795 ) ;
#1342 = CARTESIAN_POINT ( 'NONE',  ( 12.99999999999999467, 24.50000000000000000, -19.00000000000000355 ) ) ;
#1343 = DIRECTION ( 'NONE',  ( 0.000000000000000000, 1.000000000000000000, 0.000000000000000000 ) ) ;
#1344 = PERSON_AND_ORGANIZATION ( #1414, #1190 ) ;
#1345 = DIRECTION ( 'NONE',  ( 0.000000000000000000, -1.000000000000000000, 0.000000000000000000 ) ) ;
#1346 = LINE ( 'NONE', #1691, #976 ) ;
#1347 = CARTESIAN_POINT ( 'NONE',  ( -7.546477655351338854, 24.00000000000000000, 0.000000000000000000 ) ) ;
#1348 = VECTOR ( 'NONE', #1585, 1000.000000000000000 ) ;
#1349 = AXIS2_PLACEMENT_3D ( 'NONE', #727, #309, #862 ) ;
#1350 = LINE ( 'NONE', #227, #1134 ) ;
#1351 = DIRECTION ( 'NONE',  ( 0.000000000000000000, 1.000000000000000000, 0.000000000000000000 ) ) ;
#1352 = ORIENTED_EDGE ( 'NONE', *, *, #1128, .F. ) ;
#1353 = DIRECTION ( 'NONE',  ( 0.000000000000000000, 0.000000000000000000, -1.000000000000000000 ) ) ;
#1354 = CARTESIAN_POINT ( 'NONE',  ( 7.546477655351338854, 24.00000000000000000, 0.000000000000000000 ) ) ;
#1355 = DIRECTION ( 'NONE',  ( 1.000000000000000000, 0.000000000000000000, -1.224646799147353207E-16 ) ) ;
#1356 = DIRECTION ( 'NONE',  ( 0.000000000000000000, 1.000000000000000000, 0.000000000000000000 ) ) ;
#1357 = AXIS2_PLACEMENT_3D ( 'NONE', #1084, #1380, #1365 ) ;
#1358 = VERTEX_POINT ( 'NONE', #1660 ) ;
#1359 = ADVANCED_FACE ( 'NONE', ( #1309 ), #826, .T. ) ;
#1360 = VERTEX_POINT ( 'NONE', #1533 ) ;
#1361 = AXIS2_PLACEMENT_3D ( 'NONE', #23, #1005, #1561 ) ;
#1362 = CARTESIAN_POINT ( 'NONE',  ( 12.99999999999999467, 24.50000000000000000, -19.00000000000000355 ) ) ;
#1363 = DIRECTION ( 'NONE',  ( 0.000000000000000000, 0.000000000000000000, 1.000000000000000000 ) ) ;
#1364 = CARTESIAN_POINT ( 'NONE',  ( 15.99999999999999645, 0.000000000000000000, 13.00000000000000178 ) ) ;
#1365 = DIRECTION ( 'NONE',  ( 0.000000000000000000, 0.000000000000000000, 1.000000000000000000 ) ) ;
#1366 = VECTOR ( 'NONE', #101, 1000.000000000000000 ) ;
#1367 = CIRCLE ( 'NONE', #1458, 4.399515850643010317 ) ;
#1368 = FACE_OUTER_BOUND ( 'NONE', #1102, .T. ) ;
#1369 = CARTESIAN_POINT ( 'NONE',  ( 7.546477655351338854, 23.00000000000000000, 0.000000000000000000 ) ) ;
#1370 = EDGE_CURVE ( 'NONE', #751, #262, #1652, .T. ) ;
#1371 = ADVANCED_FACE ( 'NONE', ( #214 ), #568, .T. ) ;
#1372 = CARTESIAN_POINT ( 'NONE',  ( 12.99999999999999822, 0.000000000000000000, 13.00000000000000178 ) ) ;
#1373 = EDGE_LOOP ( 'NONE', ( #856, #152 ) ) ;
#1374 = CIRCLE ( 'NONE', #311, 1.252767547687273497 ) ;
#1375 = CARTESIAN_POINT ( 'NONE',  ( -13.00000000000000711, 24.50000000000000000, 19.00000000000000711 ) ) ;
#1376 = ORIENTED_EDGE ( 'NONE', *, *, #1203, .F. ) ;
#1377 = ORIENTED_EDGE ( 'NONE', *, *, #587, .T. ) ;
#1378 = DIRECTION ( 'NONE',  ( 0.000000000000000000, 1.000000000000000000, 0.000000000000000000 ) ) ;
#1379 = CARTESIAN_POINT ( 'NONE',  ( 12.99999999999999822, 24.00000000000000000, 13.00000000000000178 ) ) ;
#1380 = DIRECTION ( 'NONE',  ( -1.000000000000000000, 0.000000000000000000, 0.000000000000000000 ) ) ;
#1381 = ADVANCED_FACE ( 'NONE', ( #543 ), #1610, .T. ) ;
#1382 = DIRECTION ( 'NONE',  ( -1.000000000000000000, 0.000000000000000000, 0.000000000000000000 ) ) ;
#1383 = DIRECTION ( 'NONE',  ( 1.000000000000000000, 0.000000000000000000, -1.334402673828312846E-16 ) ) ;
#1384 = CARTESIAN_POINT ( 'NONE',  ( -12.99999999999999467, 24.50000000000000000, -19.00000000000000355 ) ) ;
#1385 = EDGE_LOOP ( 'NONE', ( #1576, #535, #1556, #804 ) ) ;
#1386 = EDGE_CURVE ( 'NONE', #580, #1693, #1548, .T. ) ;
#1387 = DIRECTION ( 'NONE',  ( 0.000000000000000000, 0.000000000000000000, 1.000000000000000000 ) ) ;
#1388 = DIRECTION ( 'NONE',  ( 0.000000000000000000, 0.000000000000000000, -1.000000000000000000 ) ) ;
#1389 = CALENDAR_DATE ( 2025, 28, 7 ) ;
#1390 = LINE ( 'NONE', #1292, #795 ) ;
#1391 = DIRECTION ( 'NONE',  ( -0.000000000000000000, 0.000000000000000000, 1.000000000000000000 ) ) ;
#1392 = VECTOR ( 'NONE', #1440, 1000.000000000000000 ) ;
#1393 = LINE ( 'NONE', #1311, #186 ) ;
#1394 = CARTESIAN_POINT ( 'NONE',  ( -7.546477655351338854, 24.50000000000000000, 0.000000000000000000 ) ) ;
#1395 = VERTEX_POINT ( 'NONE', #688 ) ;
#1396 = PLANE ( 'NONE',  #1469 ) ;
#1397 = EDGE_CURVE ( 'NONE', #1160, #1536, #1758, .T. ) ;
#1398 = DIRECTION ( 'NONE',  ( 0.000000000000000000, 0.000000000000000000, -1.000000000000000000 ) ) ;
#1399 = VERTEX_POINT ( 'NONE', #174 ) ;
#1400 = CARTESIAN_POINT ( 'NONE',  ( 12.99999999999999467, 5.000000000000000888, -13.00000000000000178 ) ) ;
#1401 = EDGE_LOOP ( 'NONE', ( #1494, #1455, #1025, #1175 ) ) ;
#1402 = AXIS2_PLACEMENT_3D ( 'NONE', #276, #817, #576 ) ;
#1403 = DIRECTION ( 'NONE',  ( 0.000000000000000000, 0.000000000000000000, 1.000000000000000000 ) ) ;
#1404 = DIRECTION ( 'NONE',  ( -0.000000000000000000, -1.000000000000000000, -0.000000000000000000 ) ) ;
#1405 = CARTESIAN_POINT ( 'NONE',  ( -13.00000000000000533, 23.00000000000000000, 13.00000000000000711 ) ) ;
#1406 = ORIENTED_EDGE ( 'NONE', *, *, #1575, .T. ) ;
#1407 = EDGE_LOOP ( 'NONE', ( #1072, #1046, #789, #1255 ) ) ;
#1408 = DIRECTION ( 'NONE',  ( 0.000000000000000000, 1.000000000000000000, 0.000000000000000000 ) ) ;
#1409 = EDGE_CURVE ( 'NONE', #1246, #1064, #1500, .T. ) ;
#1410 = ORIENTED_EDGE ( 'NONE', *, *, #1562, .F. ) ;
#1411 = CARTESIAN_POINT ( 'NONE',  ( -7.546477655351338854, 23.50000000000000000, 0.000000000000000000 ) ) ;
#1412 = DIRECTION ( 'NONE',  ( 0.000000000000000000, 0.000000000000000000, 1.000000000000000000 ) ) ;
#1413 = DIRECTION ( 'NONE',  ( 0.000000000000000000, 0.000000000000000000, -1.000000000000000000 ) ) ;
#1414 = PERSON ( 'UNSPECIFIED', 'UNSPECIFIED', 'UNSPECIFIED', ('UNSPECIFIED'), ('UNSPECIFIED'), ('UNSPECIFIED') ) ;
#1415 = CIRCLE ( 'NONE', #1416, 6.000000000000000000 ) ;
#1416 = AXIS2_PLACEMENT_3D ( 'NONE', #412, #1265, #437 ) ;
#1417 = DIRECTION ( 'NONE',  ( -0.000000000000000000, 1.000000000000000000, -0.000000000000000000 ) ) ;
#1418 = VECTOR ( 'NONE', #993, 1000.000000000000000 ) ;
#1419 = DIRECTION ( 'NONE',  ( -0.000000000000000000, -1.000000000000000000, -0.000000000000000000 ) ) ;
#1420 = CYLINDRICAL_SURFACE ( 'NONE', #988, 6.000000000000001776 ) ;
#1421 = FACE_OUTER_BOUND ( 'NONE', #981, .T. ) ;
#1422 = ORIENTED_EDGE ( 'NONE', *, *, #147, .T. ) ;
#1423 = VECTOR ( 'NONE', #494, 1000.000000000000000 ) ;
#1424 = EDGE_CURVE ( 'NONE', #396, #327, #759, .T. ) ;
#1425 = ORIENTED_EDGE ( 'NONE', *, *, #53, .T. ) ;
#1426 = DIRECTION ( 'NONE',  ( 0.000000000000000000, 0.000000000000000000, 1.000000000000000000 ) ) ;
#1427 = ORIENTED_EDGE ( 'NONE', *, *, #1753, .F. ) ;
#1428 = AXIS2_PLACEMENT_3D ( 'NONE', #1476, #655, #1490 ) ;
#1429 = DIRECTION ( 'NONE',  ( 0.000000000000000000, -1.000000000000000000, 0.000000000000000000 ) ) ;
#1430 = ORIENTED_EDGE ( 'NONE', *, *, #461, .T. ) ;
#1431 = CARTESIAN_POINT ( 'NONE',  ( 18.99999999999999645, 23.00000000000000000, 13.00000000000000178 ) ) ;
#1432 = AXIS2_PLACEMENT_3D ( 'NONE', #123, #1222, #799 ) ;
#1433 = ADVANCED_FACE ( 'NONE', ( #1082 ), #1779, .F. ) ;
#1434 = DIRECTION ( 'NONE',  ( 0.000000000000000000, 0.000000000000000000, 1.000000000000000000 ) ) ;
#1435 = DIRECTION ( 'NONE',  ( 0.000000000000000000, 0.000000000000000000, -1.000000000000000000 ) ) ;
#1436 = CARTESIAN_POINT ( 'NONE',  ( 0.000000000000000000, 0.000000000000000000, 0.000000000000000000 ) ) ;
#1437 = ORIENTED_EDGE ( 'NONE', *, *, #1527, .F. ) ;
#1438 = CARTESIAN_POINT ( 'NONE',  ( -7.546477655351338854, 23.00000000000000000, 0.000000000000000000 ) ) ;
#1439 = ORIENTED_EDGE ( 'NONE', *, *, #506, .T. ) ;
#1440 = DIRECTION ( 'NONE',  ( -0.000000000000000000, 1.000000000000000000, -0.000000000000000000 ) ) ;
#1441 = EDGE_CURVE ( 'NONE', #1341, #283, #1239, .T. ) ;
#1442 = APPROVAL_ROLE ( '' ) ;
#1443 = LOCAL_TIME ( 15, 37, 31.00000000000000000, #317 ) ;
#1444 = AXIS2_PLACEMENT_3D ( 'NONE', #1229, #1650, #1791 ) ;
#1445 = DIRECTION ( 'NONE',  ( 0.000000000000000000, 0.000000000000000000, 1.000000000000000000 ) ) ;
#1446 = TOROIDAL_SURFACE ( 'NONE', #899, 0.3867421439028097541, 1.000000000000000000 ) ;
#1447 = DIRECTION ( 'NONE',  ( 0.000000000000000000, -1.000000000000000000, 0.000000000000000000 ) ) ;
#1448 = ORIENTED_EDGE ( 'NONE', *, *, #423, .T. ) ;
#1449 = ORIENTED_EDGE ( 'NONE', *, *, #93, .F. ) ;
#1450 = CARTESIAN_POINT ( 'NONE',  ( 7.546477655351338854, 23.50000000000000000, 0.000000000000000000 ) ) ;
#1451 = ORIENTED_EDGE ( 'NONE', *, *, #1370, .T. ) ;
#1452 = CARTESIAN_POINT ( 'NONE',  ( 7.546477655351338854, 24.50000000000000000, 0.000000000000000000 ) ) ;
#1453 = EDGE_LOOP ( 'NONE', ( #984, #698, #1048, #631 ) ) ;
#1454 = ORIENTED_EDGE ( 'NONE', *, *, #318, .F. ) ;
#1455 = ORIENTED_EDGE ( 'NONE', *, *, #1319, .F. ) ;
#1456 = EDGE_LOOP ( 'NONE', ( #730, #1599 ) ) ;
#1457 = ORIENTED_EDGE ( 'NONE', *, *, #1702, .T. ) ;
#1458 = AXIS2_PLACEMENT_3D ( 'NONE', #1347, #513, #648 ) ;
#1459 = CIRCLE ( 'NONE', #122, 5.000000000000000888 ) ;
#1460 = DIRECTION ( 'NONE',  ( -0.000000000000000000, 1.000000000000000000, -0.000000000000000000 ) ) ;
#1461 = VECTOR ( 'NONE', #1417, 1000.000000000000000 ) ;
#1462 = AXIS2_PLACEMENT_3D ( 'NONE', #1030, #1308, #613 ) ;
#1463 = DIRECTION ( 'NONE',  ( -8.260587980841936314E-17, 0.000000000000000000, -1.000000000000000000 ) ) ;
#1464 = VECTOR ( 'NONE', #254, 1000.000000000000000 ) ;
#1465 = VECTOR ( 'NONE', #1681, 1000.000000000000000 ) ;
#1466 = ORIENTED_EDGE ( 'NONE', *, *, #504, .T. ) ;
#1467 = ORIENTED_EDGE ( 'NONE', *, *, #995, .F. ) ;
#1468 = EDGE_CURVE ( 'NONE', #63, #1773, #870, .T. ) ;
#1469 = AXIS2_PLACEMENT_3D ( 'NONE', #263, #566, #273 ) ;
#1470 = ADVANCED_FACE ( 'NONE', ( #642 ), #279, .F. ) ;
#1471 = DIRECTION ( 'NONE',  ( 0.000000000000000000, 1.000000000000000000, 0.000000000000000000 ) ) ;
#1472 = ORIENTED_EDGE ( 'NONE', *, *, #641, .T. ) ;
#1473 = EDGE_LOOP ( 'NONE', ( #883, #398, #768, #1137, #167, #272, #175, #1201 ) ) ;
#1474 = DIRECTION ( 'NONE',  ( -1.000000000000000000, 0.000000000000000000, 8.260587980841938780E-17 ) ) ;
#1475 = EDGE_CURVE ( 'NONE', #359, #92, #1675, .T. ) ;
#1476 = CARTESIAN_POINT ( 'NONE',  ( 12.99999999999999645, 23.00000000000000000, -19.00000000000000355 ) ) ;
#1477 = EDGE_CURVE ( 'NONE', #968, #1696, #926, .T. ) ;
#1478 = VECTOR ( 'NONE', #334, 1000.000000000000000 ) ;
#1479 = EDGE_LOOP ( 'NONE', ( #1711, #677, #1749, #392 ) ) ;
#1480 = CIRCLE ( 'NONE', #1249, 4.399515850643010317 ) ;
#1481 = CC_DESIGN_SECURITY_CLASSIFICATION ( #1034, ( #352 ) ) ;
#1482 = ORIENTED_EDGE ( 'NONE', *, *, #419, .F. ) ;
#1483 = DIRECTION ( 'NONE',  ( 0.000000000000000000, 1.000000000000000000, 0.000000000000000000 ) ) ;
#1484 = ORIENTED_EDGE ( 'NONE', *, *, #228, .T. ) ;
#1485 = EDGE_LOOP ( 'NONE', ( #658, #84 ) ) ;
#1486 = PLANE ( 'NONE',  #840 ) ;
#1487 = DIRECTION ( 'NONE',  ( 0.000000000000000000, 1.000000000000000000, 0.000000000000000000 ) ) ;
#1488 = DIRECTION ( 'NONE',  ( 8.260587980841936314E-17, 0.000000000000000000, 1.000000000000000000 ) ) ;
#1489 = EDGE_CURVE ( 'NONE', #573, #1316, #909, .T. ) ;
#1490 = DIRECTION ( 'NONE',  ( -1.000000000000000000, 0.000000000000000000, 0.000000000000000000 ) ) ;
#1491 = AXIS2_PLACEMENT_3D ( 'NONE', #329, #1460, #316 ) ;
#1492 = CARTESIAN_POINT ( 'NONE',  ( 7.546477655351338854, 23.50000000000000000, 0.000000000000000000 ) ) ;
#1493 = ORIENTED_EDGE ( 'NONE', *, *, #1011, .F. ) ;
#1494 = ORIENTED_EDGE ( 'NONE', *, *, #904, .T. ) ;
#1495 = CARTESIAN_POINT ( 'NONE',  ( -19.00000000000000711, 24.50000000000000000, 13.00000000000000533 ) ) ;
#1496 = CIRCLE ( 'NONE', #1234, 2.999999999999999112 ) ;
#1497 = DIRECTION ( 'NONE',  ( 0.000000000000000000, 0.000000000000000000, -1.000000000000000000 ) ) ;
#1498 = ADVANCED_FACE ( 'NONE', ( #343, #1722, #198 ), #736, .T. ) ;
#1499 = CARTESIAN_POINT ( 'NONE',  ( 12.99999999999999467, 24.00000000000000000, -21.00000000000000000 ) ) ;
#1500 = LINE ( 'NONE', #288, #1461 ) ;
#1501 = VECTOR ( 'NONE', #1259, 1000.000000000000000 ) ;
#1502 = CARTESIAN_POINT ( 'NONE',  ( -13.00000000000000533, 24.00000000000000000, 19.00000000000000711 ) ) ;
#1503 = CIRCLE ( 'NONE', #439, 4.399515850643010317 ) ;
#1504 = AXIS2_PLACEMENT_3D ( 'NONE', #975, #712, #855 ) ;
#1505 = ORIENTED_EDGE ( 'NONE', *, *, #75, .T. ) ;
#1506 = FACE_OUTER_BOUND ( 'NONE', #1783, .T. ) ;
#1507 = DIRECTION ( 'NONE',  ( -0.000000000000000000, -1.000000000000000000, -0.000000000000000000 ) ) ;
#1508 = CARTESIAN_POINT ( 'NONE',  ( 12.99999999999999822, 24.50000000000000000, 13.00000000000000178 ) ) ;
#1509 = CARTESIAN_POINT ( 'NONE',  ( -7.546477655351338854, 24.00000000000000000, 0.000000000000000000 ) ) ;
#1510 = ORIENTED_EDGE ( 'NONE', *, *, #1527, .T. ) ;
#1511 = DIRECTION ( 'NONE',  ( -0.000000000000000000, -1.000000000000000000, -0.000000000000000000 ) ) ;
#1512 = VERTEX_POINT ( 'NONE', #299 ) ;
#1513 = ADVANCED_FACE ( 'NONE', ( #1263 ), #1626, .T. ) ;
#1514 = EDGE_CURVE ( 'NONE', #196, #1529, #1346, .T. ) ;
#1515 = DIRECTION ( 'NONE',  ( -0.000000000000000000, -1.000000000000000000, -0.000000000000000000 ) ) ;
#1516 = EDGE_CURVE ( 'NONE', #602, #637, #737, .T. ) ;
#1517 = EDGE_LOOP ( 'NONE', ( #1376, #1019, #235, #781 ) ) ;
#1518 = CARTESIAN_POINT ( 'NONE',  ( 20.99999999999999645, 5.000000000000000888, 16.00000000000000000 ) ) ;
#1519 = VERTEX_POINT ( 'NONE', #178 ) ;
#1520 = AXIS2_PLACEMENT_3D ( 'NONE', #526, #808, #1649 ) ;
#1521 = DIRECTION ( 'NONE',  ( 0.000000000000000000, -1.000000000000000000, 0.000000000000000000 ) ) ;
#1522 = DIRECTION ( 'NONE',  ( 0.000000000000000000, 0.000000000000000000, 1.000000000000000000 ) ) ;
#1523 = ADVANCED_FACE ( 'NONE', ( #891 ), #687, .T. ) ;
#1524 = FACE_OUTER_BOUND ( 'NONE', #1473, .T. ) ;
#1525 = FACE_OUTER_BOUND ( 'NONE', #1552, .T. ) ;
#1526 = DIRECTION ( 'NONE',  ( 8.260587980841936314E-17, 0.000000000000000000, 1.000000000000000000 ) ) ;
#1527 = EDGE_CURVE ( 'NONE', #315, #307, #320, .T. ) ;
#1528 = CIRCLE ( 'NONE', #1777, 1.552767547687273098 ) ;
#1529 = VERTEX_POINT ( 'NONE', #743 ) ;
#1530 = AXIS2_PLACEMENT_3D ( 'NONE', #1695, #994, #277 ) ;
#1531 = ADVANCED_FACE ( 'NONE', ( #232 ), #341, .T. ) ;
#1532 = VERTEX_POINT ( 'NONE', #1302 ) ;
#1533 = CARTESIAN_POINT ( 'NONE',  ( 7.546477655351339742, 23.00000000000000000, 4.399515850643010317 ) ) ;
#1534 = ORIENTED_EDGE ( 'NONE', *, *, #504, .F. ) ;
#1535 = DIRECTION ( 'NONE',  ( 1.000000000000000000, 0.000000000000000000, 0.000000000000000000 ) ) ;
#1536 = VERTEX_POINT ( 'NONE', #880 ) ;
#1537 = CARTESIAN_POINT ( 'NONE',  ( 20.99999999999999289, 24.00000000000000000, -13.00000000000000533 ) ) ;
#1538 = ADVANCED_FACE ( 'NONE', ( #822, #70 ), #319, .T. ) ;
#1539 = CARTESIAN_POINT ( 'NONE',  ( 7.546477655351338854, 23.50000000000000000, 1.552767547687248006 ) ) ;
#1540 = EDGE_LOOP ( 'NONE', ( #859, #470 ) ) ;
#1541 = AXIS2_PLACEMENT_3D ( 'NONE', #1274, #1391, #1125 ) ;
#1542 = CARTESIAN_POINT ( 'NONE',  ( -7.546477655351338854, 23.50000000000000000, -1.741203455465309524 ) ) ;
#1543 = EDGE_LOOP ( 'NONE', ( #371, #939 ) ) ;
#1544 = PRODUCT ( 'D406', 'D406', '', ( #998 ) ) ;
#1545 = PERSON_AND_ORGANIZATION_ROLE ( 'creator' ) ;
#1546 = CIRCLE ( 'NONE', #1121, 5.000000000000000888 ) ;
#1547 = DIRECTION ( 'NONE',  ( -0.000000000000000000, 1.000000000000000000, -0.000000000000000000 ) ) ;
#1548 = LINE ( 'NONE', #1551, #1287 ) ;
#1549 = FACE_OUTER_BOUND ( 'NONE', #1578, .T. ) ;
#1550 = CIRCLE ( 'NONE', #1310, 1.552767547687273098 ) ;
#1551 = CARTESIAN_POINT ( 'NONE',  ( 15.99999999999999645, 0.000000000000000000, 12.99999999999998757 ) ) ;
#1552 = EDGE_LOOP ( 'NONE', ( #330, #270 ) ) ;
#1553 = VECTOR ( 'NONE', #1653, 1000.000000000000000 ) ;
#1554 = AXIS2_PLACEMENT_3D ( 'NONE', #549, #408, #1387 ) ;
#1555 = APPROVAL_ROLE ( '' ) ;
#1556 = ORIENTED_EDGE ( 'NONE', *, *, #471, .T. ) ;
#1557 = ORIENTED_EDGE ( 'NONE', *, *, #1105, .F. ) ;
#1558 = AXIS2_PLACEMENT_3D ( 'NONE', #260, #409, #1110 ) ;
#1559 = CARTESIAN_POINT ( 'NONE',  ( 0.000000000000000000, 0.000000000000000000, 0.000000000000000000 ) ) ;
#1560 = VERTEX_POINT ( 'NONE', #1068 ) ;
#1561 = DIRECTION ( 'NONE',  ( 0.000000000000000000, -0.000000000000000000, 1.000000000000000000 ) ) ;
#1562 = EDGE_CURVE ( 'NONE', #1667, #721, #1673, .T. ) ;
#1563 = ORIENTED_EDGE ( 'NONE', *, *, #1651, .F. ) ;
#1564 = DIRECTION ( 'NONE',  ( 1.334402673828312846E-16, 0.000000000000000000, 1.000000000000000000 ) ) ;
#1565 = AXIS2_PLACEMENT_3D ( 'NONE', #1411, #719, #1698 ) ;
#1566 = CARTESIAN_POINT ( 'NONE',  ( 12.99999999999999467, 0.000000000000000000, -16.00000000000000000 ) ) ;
#1567 = CALENDAR_DATE ( 2025, 28, 7 ) ;
#1568 = CARTESIAN_POINT ( 'NONE',  ( 12.99999999999999822, 24.00000000000000000, 13.00000000000000178 ) ) ;
#1569 = VECTOR ( 'NONE', #1770, 1000.000000000000000 ) ;
#1570 = CARTESIAN_POINT ( 'NONE',  ( 18.99999999999999645, 24.50000000000000000, -13.00000000000000533 ) ) ;
#1571 = DIRECTION ( 'NONE',  ( 0.000000000000000000, 1.000000000000000000, 0.000000000000000000 ) ) ;
#1572 = CYLINDRICAL_SURFACE ( 'NONE', #656, 6.000000000000000888 ) ;
#1573 = CARTESIAN_POINT ( 'NONE',  ( -19.00000000000001066, 24.50000000000000000, -13.00000000000000178 ) ) ;
#1574 = VECTOR ( 'NONE', #900, 1000.000000000000000 ) ;
#1575 = EDGE_CURVE ( 'NONE', #1006, #938, #1459, .T. ) ;
#1576 = ORIENTED_EDGE ( 'NONE', *, *, #884, .F. ) ;
#1577 = DIRECTION ( 'NONE',  ( -8.260587980841936314E-17, -0.000000000000000000, -1.000000000000000000 ) ) ;
#1578 = EDGE_LOOP ( 'NONE', ( #1061, #129 ) ) ;
#1579 = AXIS2_PLACEMENT_3D ( 'NONE', #1077, #913, #1627 ) ;
#1580 = EDGE_LOOP ( 'NONE', ( #211, #304, #335, #151 ) ) ;
#1581 = CC_DESIGN_PERSON_AND_ORGANIZATION_ASSIGNMENT ( #1326, #26, ( #1034 ) ) ;
#1582 = DIRECTION ( 'NONE',  ( 0.000000000000000000, 1.000000000000000000, 0.000000000000000000 ) ) ;
#1583 = DIRECTION ( 'NONE',  ( 0.000000000000000000, 1.000000000000000000, 0.000000000000000000 ) ) ;
#1584 = ORIENTED_EDGE ( 'NONE', *, *, #594, .T. ) ;
#1585 = DIRECTION ( 'NONE',  ( -0.000000000000000000, -1.000000000000000000, -0.000000000000000000 ) ) ;
#1586 = ORIENTED_EDGE ( 'NONE', *, *, #132, .T. ) ;
#1587 = ORIENTED_EDGE ( 'NONE', *, *, #355, .F. ) ;
#1588 = DIRECTION ( 'NONE',  ( 0.000000000000000000, 0.000000000000000000, 1.000000000000000000 ) ) ;
#1589 = EDGE_CURVE ( 'NONE', #778, #434, #479, .T. ) ;
#1590 = CARTESIAN_POINT ( 'NONE',  ( -13.00000000000000888, 24.00000000000000000, -13.00000000000000178 ) ) ;
#1591 = LOCAL_TIME ( 15, 37, 31.00000000000000000, #608 ) ;
#1592 = LINE ( 'NONE', #1674, #625 ) ;
#1593 = VECTOR ( 'NONE', #541, 1000.000000000000000 ) ;
#1594 = CYLINDRICAL_SURFACE ( 'NONE', #1444, 6.000000000000001776 ) ;
#1595 = ORIENTED_EDGE ( 'NONE', *, *, #519, .F. ) ;
#1596 = CIRCLE ( 'NONE', #1076, 6.000000000000000000 ) ;
#1597 = DIRECTION ( 'NONE',  ( 0.000000000000000000, -0.000000000000000000, 1.000000000000000000 ) ) ;
#1598 = ORIENTED_EDGE ( 'NONE', *, *, #794, .F. ) ;
#1599 = ORIENTED_EDGE ( 'NONE', *, *, #695, .F. ) ;
#1600 = DIRECTION ( 'NONE',  ( 0.000000000000000000, 0.000000000000000000, -1.000000000000000000 ) ) ;
#1601 = AXIS2_PLACEMENT_3D ( 'NONE', #1120, #839, #567 ) ;
#1602 = CARTESIAN_POINT ( 'NONE',  ( 7.546477655351338854, 23.00000000000000000, -4.399515850643010317 ) ) ;
#1603 = PRODUCT_RELATED_PRODUCT_CATEGORY ( 'detail', '', ( #1544 ) ) ;
#1604 = VERTEX_POINT ( 'NONE', #1093 ) ;
#1605 = VERTEX_POINT ( 'NONE', #1635 ) ;
#1606 = PLANE ( 'NONE',  #171 ) ;
#1607 = EDGE_CURVE ( 'NONE', #1316, #262, #440, .T. ) ;
#1608 = EDGE_CURVE ( 'NONE', #766, #1160, #1208, .T. ) ;
#1609 = LOCAL_TIME ( 15, 37, 31.00000000000000000, #1189 ) ;
#1610 = CYLINDRICAL_SURFACE ( 'NONE', #563, 8.000000000000000000 ) ;
#1611 = AXIS2_PLACEMENT_3D ( 'NONE', #60, #1447, #1714 ) ;
#1612 = DIRECTION ( 'NONE',  ( -0.000000000000000000, -1.000000000000000000, -0.000000000000000000 ) ) ;
#1613 = VECTOR ( 'NONE', #1098, 1000.000000000000000 ) ;
#1614 = VERTEX_POINT ( 'NONE', #793 ) ;
#1615 = DIRECTION ( 'NONE',  ( 0.000000000000000000, 0.000000000000000000, 1.000000000000000000 ) ) ;
#1616 = CYLINDRICAL_SURFACE ( 'NONE', #1729, 8.000000000000000000 ) ;
#1617 = DESIGN_CONTEXT ( 'detailed design', #582, 'design' ) ;
#1618 = EDGE_LOOP ( 'NONE', ( #243, #577, #1014, #1322, #932, #1186, #1270, #353 ) ) ;
#1619 = EDGE_CURVE ( 'NONE', #1532, #1395, #515, .T. ) ;
#1620 = PLANE ( 'NONE',  #1428 ) ;
#1621 = AXIS2_PLACEMENT_3D ( 'NONE', #1168, #1728, #881 ) ;
#1622 = ORIENTED_EDGE ( 'NONE', *, *, #1489, .F. ) ;
#1623 = ORIENTED_EDGE ( 'NONE', *, *, #914, .T. ) ;
#1624 = ORIENTED_EDGE ( 'NONE', *, *, #837, .T. ) ;
#1625 = CARTESIAN_POINT ( 'NONE',  ( -13.00000000000000888, 23.00000000000000000, -13.00000000000000178 ) ) ;
#1626 = CYLINDRICAL_SURFACE ( 'NONE', #490, 1.552767547687273098 ) ;
#1627 = DIRECTION ( 'NONE',  ( 1.000000000000000000, 0.000000000000000000, 0.000000000000000000 ) ) ;
#1628 = AXIS2_PLACEMENT_3D ( 'NONE', #1400, #287, #291 ) ;
#1629 = CIRCLE ( 'NONE', #296, 2.999999999999999112 ) ;
#1630 = CARTESIAN_POINT ( 'NONE',  ( 18.99999999999999289, 24.00000000000000000, -13.00000000000000533 ) ) ;
#1631 = VECTOR ( 'NONE', #889, 1000.000000000000000 ) ;
#1632 = TOROIDAL_SURFACE ( 'NONE', #348, 0.3867421439028351227, 1.000000000000000000 ) ;
#1633 = AXIS2_PLACEMENT_3D ( 'NONE', #1277, #720, #31 ) ;
#1634 = CARTESIAN_POINT ( 'NONE',  ( -21.00000000000000711, 5.000000000000000888, -13.00000000000000178 ) ) ;
#1635 = CARTESIAN_POINT ( 'NONE',  ( 7.546477655351338854, 23.50000000000000000, -1.741203455465307748 ) ) ;
#1636 = VERTEX_POINT ( 'NONE', #1216 ) ;
#1637 = LINE ( 'NONE', #583, #1465 ) ;
#1638 = CARTESIAN_POINT ( 'NONE',  ( -7.546477655351338854, 24.00000000000000000, 0.000000000000000000 ) ) ;
#1639 = ORIENTED_EDGE ( 'NONE', *, *, #1119, .F. ) ;
#1640 = ADVANCED_FACE ( 'NONE', ( #1755 ), #1230, .F. ) ;
#1641 = EDGE_LOOP ( 'NONE', ( #427, #7, #458, #1716 ) ) ;
#1642 = DIRECTION ( 'NONE',  ( 0.000000000000000000, 1.000000000000000000, 0.000000000000000000 ) ) ;
#1643 = CARTESIAN_POINT ( 'NONE',  ( -7.546477655351338854, 24.50000000000000000, 0.3867421439028351227 ) ) ;
#1644 = AXIS2_PLACEMENT_3D ( 'NONE', #940, #395, #143 ) ;
#1645 = CARTESIAN_POINT ( 'NONE',  ( -7.546477655351338854, 23.50000000000000000, 1.741203455465309524 ) ) ;
#1646 = AXIS2_PLACEMENT_3D ( 'NONE', #1060, #517, #1074 ) ;
#1647 = ORIENTED_EDGE ( 'NONE', *, *, #1489, .T. ) ;
#1648 = ORIENTED_EDGE ( 'NONE', *, *, #44, .T. ) ;
#1649 = DIRECTION ( 'NONE',  ( 0.000000000000000000, 0.000000000000000000, -1.000000000000000000 ) ) ;
#1650 = DIRECTION ( 'NONE',  ( -0.000000000000000000, 1.000000000000000000, -0.000000000000000000 ) ) ;
#1651 = EDGE_CURVE ( 'NONE', #1693, #1709, #1496, .T. ) ;
#1652 = CIRCLE ( 'NONE', #1558, 1.252767547687248184 ) ;
#1653 = DIRECTION ( 'NONE',  ( 1.000000000000000000, -0.000000000000000000, -1.652117596168387756E-16 ) ) ;
#1654 = CYLINDRICAL_SURFACE ( 'NONE', #923, 1.552767547687248006 ) ;
#1655 = VECTOR ( 'NONE', #199, 1000.000000000000000 ) ;
#1656 = FACE_OUTER_BOUND ( 'NONE', #378, .T. ) ;
#1657 = PLANE ( 'NONE',  #798 ) ;
#1658 = CARTESIAN_POINT ( 'NONE',  ( -12.99999999999999289, 24.00000000000000000, 19.00000000000000711 ) ) ;
#1659 = ORIENTED_EDGE ( 'NONE', *, *, #1475, .T. ) ;
#1660 = CARTESIAN_POINT ( 'NONE',  ( -7.546477655351337965, 23.00000000000000000, 4.399515850643010317 ) ) ;
#1661 = EDGE_CURVE ( 'NONE', #644, #1246, #363, .T. ) ;
#1662 = CARTESIAN_POINT ( 'NONE',  ( 7.546477655351338854, 23.50000000000000000, -1.552767547687248006 ) ) ;
#1663 = ADVANCED_FACE ( 'NONE', ( #1524 ), #783, .F. ) ;
#1664 = CARTESIAN_POINT ( 'NONE',  ( 12.99999999999999467, 24.00000000000000000, -19.00000000000000355 ) ) ;
#1665 = EDGE_CURVE ( 'NONE', #838, #207, #1307, .T. ) ;
#1666 = ORIENTED_EDGE ( 'NONE', *, *, #666, .F. ) ;
#1667 = VERTEX_POINT ( 'NONE', #1643 ) ;
#1668 = CARTESIAN_POINT ( 'NONE',  ( 13.00000000000000000, 5.000000000000000888, 21.00000000000000000 ) ) ;
#1669 = DIRECTION ( 'NONE',  ( -0.000000000000000000, 1.000000000000000000, -0.000000000000000000 ) ) ;
#1670 = PERSON_AND_ORGANIZATION ( #1414, #1190 ) ;
#1671 = DIRECTION ( 'NONE',  ( 0.000000000000000000, -1.000000000000000000, 0.000000000000000000 ) ) ;
#1672 = ADVANCED_FACE ( 'NONE', ( #1130 ), #757, .T. ) ;
#1673 = CIRCLE ( 'NONE', #1646, 0.3867421439028351227 ) ;
#1674 = CARTESIAN_POINT ( 'NONE',  ( 18.99999999999999645, 24.50000000000000000, -13.00000000000000533 ) ) ;
#1675 = LINE ( 'NONE', #1136, #1392 ) ;
#1676 = CARTESIAN_POINT ( 'NONE',  ( 7.546477655351338854, 24.00000000000000000, -1.252767547687248184 ) ) ;
#1677 = EDGE_CURVE ( 'NONE', #434, #1529, #924, .T. ) ;
#1678 = DIRECTION ( 'NONE',  ( 0.000000000000000000, 1.000000000000000000, 0.000000000000000000 ) ) ;
#1679 = ORIENTED_EDGE ( 'NONE', *, *, #1282, .F. ) ;
#1680 = CIRCLE ( 'NONE', #47, 8.000000000000000000 ) ;
#1681 = DIRECTION ( 'NONE',  ( 0.000000000000000000, -1.000000000000000000, 0.000000000000000000 ) ) ;
#1682 = VERTEX_POINT ( 'NONE', #104 ) ;
#1683 = FACE_OUTER_BOUND ( 'NONE', #493, .T. ) ;
#1684 = AXIS2_PLACEMENT_3D ( 'NONE', #1705, #867, #45 ) ;
#1685 = EDGE_LOOP ( 'NONE', ( #85, #210, #858, #349 ) ) ;
#1686 = DIRECTION ( 'NONE',  ( 0.000000000000000000, 1.000000000000000000, 0.000000000000000000 ) ) ;
#1687 = EDGE_LOOP ( 'NONE', ( #1624, #818, #553, #221 ) ) ;
#1688 = CARTESIAN_POINT ( 'NONE',  ( -7.546477655351337965, 24.00000000000000000, 4.399515850643010317 ) ) ;
#1689 = PERSON_AND_ORGANIZATION_ROLE ( 'design_supplier' ) ;
#1690 = CARTESIAN_POINT ( 'NONE',  ( -16.00000000000000355, 5.000000000000000888, 13.00000000000000888 ) ) ;
#1691 = CARTESIAN_POINT ( 'NONE',  ( 18.99999999999999645, 24.50000000000000000, 13.00000000000000178 ) ) ;
#1692 = DIRECTION ( 'NONE',  ( 0.000000000000000000, 0.000000000000000000, 1.000000000000000000 ) ) ;
#1693 = VERTEX_POINT ( 'NONE', #1364 ) ;
#1694 = AXIS2_PLACEMENT_3D ( 'NONE', #536, #1511, #701 ) ;
#1695 = CARTESIAN_POINT ( 'NONE',  ( 7.546477655351338854, 23.50000000000000000, 0.000000000000000000 ) ) ;
#1696 = VERTEX_POINT ( 'NONE', #1664 ) ;
#1697 = CARTESIAN_POINT ( 'NONE',  ( 7.546477655351338854, 24.50000000000000000, 0.000000000000000000 ) ) ;
#1698 = DIRECTION ( 'NONE',  ( 0.000000000000000000, 0.000000000000000000, 1.000000000000000000 ) ) ;
#1699 = CARTESIAN_POINT ( 'NONE',  ( 13.00000000000000533, 24.50000000000000000, 19.00000000000000355 ) ) ;
#1700 = CIRCLE ( 'NONE', #159, 6.000000000000000000 ) ;
#1701 = VECTOR ( 'NONE', #1338, 1000.000000000000000 ) ;
#1702 = EDGE_CURVE ( 'NONE', #477, #1395, #1546, .T. ) ;
#1703 = LINE ( 'NONE', #972, #1613 ) ;
#1704 = FACE_OUTER_BOUND ( 'NONE', #284, .T. ) ;
#1705 = CARTESIAN_POINT ( 'NONE',  ( -7.546477655351338854, 24.00000000000000000, 0.000000000000000000 ) ) ;
#1706 = EDGE_CURVE ( 'NONE', #248, #644, #847, .T. ) ;
#1707 = DIRECTION ( 'NONE',  ( 0.000000000000000000, 0.000000000000000000, 1.000000000000000000 ) ) ;
#1708 = ORIENTED_EDGE ( 'NONE', *, *, #1092, .F. ) ;
#1709 = VERTEX_POINT ( 'NONE', #692 ) ;
#1710 = AXIS2_PLACEMENT_3D ( 'NONE', #1362, #673, #815 ) ;
#1711 = ORIENTED_EDGE ( 'NONE', *, *, #1706, .T. ) ;
#1712 = APPROVAL_STATUS ( 'not_yet_approved' ) ;
#1713 = ORIENTED_EDGE ( 'NONE', *, *, #394, .F. ) ;
#1714 = DIRECTION ( 'NONE',  ( 0.000000000000000000, 0.000000000000000000, -1.000000000000000000 ) ) ;
#1715 = EDGE_CURVE ( 'NONE', #952, #647, #1260, .T. ) ;
#1716 = ORIENTED_EDGE ( 'NONE', *, *, #617, .T. ) ;
#1717 = CARTESIAN_POINT ( 'NONE',  ( -12.99999999999999112, 24.00000000000000000, 21.00000000000000711 ) ) ;
#1718 = AXIS2_PLACEMENT_3D ( 'NONE', #401, #540, #1353 ) ;
#1719 = CARTESIAN_POINT ( 'NONE',  ( 7.546477655351338854, 23.50000000000000000, 0.000000000000000000 ) ) ;
#1720 = CALENDAR_DATE ( 2025, 28, 7 ) ;
#1721 = DIRECTION ( 'NONE',  ( -0.000000000000000000, 1.000000000000000000, -0.000000000000000000 ) ) ;
#1722 = FACE_BOUND ( 'NONE', #447, .T. ) ;
#1723 = FACE_OUTER_BOUND ( 'NONE', #65, .T. ) ;
#1724 = FACE_OUTER_BOUND ( 'NONE', #1296, .T. ) ;
#1725 = EDGE_CURVE ( 'NONE', #584, #780, #413, .T. ) ;
#1726 = DIRECTION ( 'NONE',  ( -0.000000000000000000, -1.000000000000000000, -0.000000000000000000 ) ) ;
#1727 = ORIENTED_EDGE ( 'NONE', *, *, #448, .T. ) ;
#1728 = DIRECTION ( 'NONE',  ( -0.000000000000000000, -1.000000000000000000, -0.000000000000000000 ) ) ;
#1729 = AXIS2_PLACEMENT_3D ( 'NONE', #185, #1013, #1731 ) ;
#1730 = EDGE_LOOP ( 'NONE', ( #745, #512, #1021, #1748 ) ) ;
#1731 = DIRECTION ( 'NONE',  ( 0.000000000000000000, 0.000000000000000000, -1.000000000000000000 ) ) ;
#1732 = AXIS2_PLACEMENT_3D ( 'NONE', #1559, #1707, #596 ) ;
#1733 = ORIENTED_EDGE ( 'NONE', *, *, #478, .F. ) ;
#1734 = DIRECTION ( 'NONE',  ( -1.000000000000000000, 0.000000000000000000, 0.000000000000000000 ) ) ;
#1735 = ORIENTED_EDGE ( 'NONE', *, *, #995, .T. ) ;
#1736 = VERTEX_POINT ( 'NONE', #967 ) ;
#1737 = DIRECTION ( 'NONE',  ( 0.000000000000000000, 1.000000000000000000, 0.000000000000000000 ) ) ;
#1738 = LINE ( 'NONE', #1065, #797 ) ;
#1739 = CYLINDRICAL_SURFACE ( 'NONE', #292, 6.000000000000001776 ) ;
#1740 = FACE_BOUND ( 'NONE', #684, .T. ) ;
#1741 = ORIENTED_EDGE ( 'NONE', *, *, #342, .F. ) ;
#1742 = LINE ( 'NONE', #1321, #1574 ) ;
#1743 = DIRECTION ( 'NONE',  ( -0.000000000000000000, 1.000000000000000000, -0.000000000000000000 ) ) ;
#1744 = ORIENTED_EDGE ( 'NONE', *, *, #1282, .T. ) ;
#1745 = EDGE_CURVE ( 'NONE', #752, #747, #108, .T. ) ;
#1746 = VERTEX_POINT ( 'NONE', #1539 ) ;
#1747 = DIRECTION ( 'NONE',  ( 0.000000000000000000, 1.000000000000000000, 0.000000000000000000 ) ) ;
#1748 = ORIENTED_EDGE ( 'NONE', *, *, #1329, .T. ) ;
#1749 = ORIENTED_EDGE ( 'NONE', *, *, #1409, .T. ) ;
#1750 = CARTESIAN_POINT ( 'NONE',  ( 7.546477655351338854, 24.00000000000000000, 1.552767547687248006 ) ) ;
#1751 = EDGE_CURVE ( 'NONE', #1560, #1399, #1415, .T. ) ;
#1752 = PLANE ( 'NONE',  #1041 ) ;
#1753 = EDGE_CURVE ( 'NONE', #1399, #1333, #4, .T. ) ;
#1754 = APPROVAL_PERSON_ORGANIZATION ( #606, #22, #1442 ) ;
#1755 = FACE_OUTER_BOUND ( 'NONE', #148, .T. ) ;
#1756 = CC_DESIGN_PERSON_AND_ORGANIZATION_ASSIGNMENT ( #1670, #303, ( #380 ) ) ;
#1757 = DIRECTION ( 'NONE',  ( 1.000000000000000000, 0.000000000000000000, -1.334402673828312846E-16 ) ) ;
#1758 = LINE ( 'NONE', #418, #1133 ) ;
#1759 = VERTEX_POINT ( 'NONE', #1252 ) ;
#1760 = DIRECTION ( 'NONE',  ( 0.000000000000000000, 0.000000000000000000, 1.000000000000000000 ) ) ;
#1761 = FACE_OUTER_BOUND ( 'NONE', #454, .T. ) ;
#1762 = CARTESIAN_POINT ( 'NONE',  ( -13.00000000000000533, 23.00000000000000000, 13.00000000000000711 ) ) ;
#1763 = ORIENTED_EDGE ( 'NONE', *, *, #1306, .F. ) ;
#1764 = CARTESIAN_POINT ( 'NONE',  ( -7.546477655351338854, 24.50000000000000000, -0.3867421439028351227 ) ) ;
#1765 = EDGE_CURVE ( 'NONE', #650, #396, #1153, .T. ) ;
#1766 = AXIS2_PLACEMENT_3D ( 'NONE', #897, #1737, #50 ) ;
#1767 = DIRECTION ( 'NONE',  ( 0.000000000000000000, 0.000000000000000000, -1.000000000000000000 ) ) ;
#1768 = DIRECTION ( 'NONE',  ( 0.000000000000000000, -0.000000000000000000, 1.000000000000000000 ) ) ;
#1769 = ORIENTED_EDGE ( 'NONE', *, *, #1203, .T. ) ;
#1770 = DIRECTION ( 'NONE',  ( 0.000000000000000000, -1.000000000000000000, 0.000000000000000000 ) ) ;
#1771 = ORIENTED_EDGE ( 'NONE', *, *, #560, .T. ) ;
#1772 = CARTESIAN_POINT ( 'NONE',  ( -12.99999999999999467, 24.00000000000000000, -21.00000000000000000 ) ) ;
#1773 = VERTEX_POINT ( 'NONE', #1384 ) ;
#1774 = CARTESIAN_POINT ( 'NONE',  ( 7.546477655351338854, 23.50000000000000000, 0.000000000000000000 ) ) ;
#1775 = EDGE_CURVE ( 'NONE', #1280, #898, #1079, .T. ) ;
#1776 = VECTOR ( 'NONE', #845, 1000.000000000000000 ) ;
#1777 = AXIS2_PLACEMENT_3D ( 'NONE', #1286, #1151, #1295 ) ;
#1778 = ADVANCED_FACE ( 'NONE', ( #1108 ), #1798, .F. ) ;
#1779 = TOROIDAL_SURFACE ( 'NONE', #643, 1.741203455465307748, 3.000000000000000000 ) ;
#1780 = CYLINDRICAL_SURFACE ( 'NONE', #30, 8.000000000000000000 ) ;
#1781 = FACE_OUTER_BOUND ( 'NONE', #1543, .T. ) ;
#1782 = DIRECTION ( 'NONE',  ( 0.000000000000000000, 0.000000000000000000, -1.000000000000000000 ) ) ;
#1783 = EDGE_LOOP ( 'NONE', ( #1406, #56, #657, #118 ) ) ;
#1784 = VECTOR ( 'NONE', #474, 1000.000000000000000 ) ;
#1785 = DIRECTION ( 'NONE',  ( 0.000000000000000000, 0.000000000000000000, -1.000000000000000000 ) ) ;
#1786 = EDGE_LOOP ( 'NONE', ( #1012, #707, #145, #1482 ) ) ;
#1787 = VERTEX_POINT ( 'NONE', #1699 ) ;
#1788 = CARTESIAN_POINT ( 'NONE',  ( 12.99999999999999467, 24.00000000000000000, -19.00000000000000355 ) ) ;
#1789 = EDGE_CURVE ( 'NONE', #1095, #1339, #383, .T. ) ;
#1790 = ORIENTED_EDGE ( 'NONE', *, *, #623, .T. ) ;
#1791 = DIRECTION ( 'NONE',  ( 0.000000000000000000, 0.000000000000000000, 1.000000000000000000 ) ) ;
#1792 = EDGE_CURVE ( 'NONE', #207, #1536, #1390, .T. ) ;
#1793 = CARTESIAN_POINT ( 'NONE',  ( 12.99999999999999645, 23.00000000000000000, -19.00000000000000355 ) ) ;
#1794 = AXIS2_PLACEMENT_3D ( 'NONE', #942, #1351, #386 ) ;
#1795 = CARTESIAN_POINT ( 'NONE',  ( -19.00000000000000711, 24.00000000000000000, 13.00000000000000888 ) ) ;
#1796 = EDGE_LOOP ( 'NONE', ( #1598, #1141, #835, #1148 ) ) ;
#1797 = DIRECTION ( 'NONE',  ( 0.000000000000000000, 0.000000000000000000, 1.000000000000000000 ) ) ;
#1798 = PLANE ( 'NONE',  #786 ) ;
#1799 = ORIENTED_EDGE ( 'NONE', *, *, #1608, .F. ) ;
#1800 = DIRECTION ( 'NONE',  ( 0.000000000000000000, 0.000000000000000000, -1.000000000000000000 ) ) ;
#1801 = ADVANCED_FACE ( 'NONE', ( #1056 ), #310, .T. ) ;
ENDSEC;
END-ISO-10303-21;
